# description	TCRex prediction for epitope(s) KAFSPEVIPMF, LLFNKVTLA, FADDLNQLTGY, GTSGSPIIDK, LPPAYTNSF, FPRPWLHGL, AMFWSVPTV, NLNESLIDL, YFPLQSYGF, HSKKKCDEL, YLQPRTFLL, GILGFVFTL, ATDALMTGY, FTISVTTEIL, LPRRSGAAGA, TPRVTGGGAM, HLVDFQVTI, CINGVCWTV, HPVGEADYFEY, HPKVSSEVHI, EILDITPCSF, SEPVLKGVKL, IVDTVSALV, EAAGIGILTV, KLVALGINAV, SEISMDNSPNL, FLPRVFSAV, RPRGEVRFL, QYDPVAALF, KLPDDFTGCV, TPGPGVRYPL, YLNTLTLAV, GTSGSPIVNR, YSEHPTFTSQY, FRDYVDRFYKTLRAEQASQE, TPQDLNTML, LPPIVAKEI, ARMILMTHF, ISPRTLNAW, IVTDFSVIK, KTSVDCTMYI, SSNVANYQK, NQKLIANQF, VLWAHGFEL, LEPLVDLPI, QECVRGTTVL, YLDAYNMMI, KEIDRLNEV, NLVPMVATV, VTEHDTLLY, KRWIIMGLNK, WICLLQFAY, QIKVRVKMV, KAYNVTQAF, ALSKGVHFV, HTTDPSFLGRY, RYPLTFGWCF, FLYNLLTRV, IPIQASLPF, IQYIDIGNY, SEVGPEHSLAEY, RAKFKQLL, TLIGDCATV, RFYKTLRAEQASQ, MPASWVMRI, NLDSKVGGNY, FVDGVPFVV, GTSGSPIINR, TPINLVRDL, RLRPGGKKK, GLCTLVAML, IPSINVHHY, ILHCANFNV, KLSYGIATV, QVPLRPMTYK, ITEEVGHTDLMAAY, KRWIILGLNK, LLLGIGILV, FLNGSCGSV, LLWNGPMAV, YVLDHLIVV, TLDSKTQSL, EIYKRWII, ELAGIGILTV, IIKDYGKQM, FLNRFTTTL, FLKEKGGL, ILGLPTQTV, TLVPQEHYV, KLWAQCVQL, RQLLFVVEV, EPLPQGQLTAY, PKYVKQNTLKLAT, SFHSLHLLF, KPLEFGATSAAL, FPPTSFGPL
# input files	Pt-1-7.tsv
# version	2020-07-08
# IMGT parsing	Yes
# submission time	2021-04-13 16:20:03
# BPR threshold	1e-05
TRBV_gene	CDR3_beta	TRBJ_gene	epitope	pathology	score	bpr
TRBV12-03	CASSLYRGTEAFF	TRBJ01-01	TPQDLNTML	HIV	0.72	0.0
TRBV05-05	CASSLGGGNEQFF	TRBJ02-01	IVDTVSALV	SARS-CoV-2	0.71	0.0
TRBV20-01	CSARDRVGNTIYF	TRBJ01-03	GLCTLVAML	EBV	1.0	1e-05
