size	motif
2	CASSP[LR]QGGTEAFF
54	CASS..G.TGELFF
3	CASSLEpGlNEKLFF
2	CASS[WS]TSMNTEAFF
26	CASS.G[QT].NTEAFF
68	CASS..G.NTEAFF
3	CASSlVqGTGELFF
21	CASSL.GgNTGELFF
2	CASS[ID]SRGDTGELFF
14	CASS.GTG[ND]TGELFF
2	CASSV[EG]SSGNTIYF
4	CASSPS[GT]GPNEKLFF
4	CASS[GY]RAMNTEAFF
3	CAStpGGAGTEAFF
2	CASS[EG]TGENTGELFF
14	CASSL[GV].GGTEAFF
13	CASS.g.SGNTIYF
3	CASSLQGgnEKLFF
5	CASSL[ST]G[RM]NTGELFF
2	CA[ST]SGLADTGELFF
2	CASSQDGG[SY]GNTIYF
4	CASSLGQHNSPLHF
3	CASSqDsSGNTIYF
6	CASSSTG.GTEAFF
2	CASSLTG[VP]GNTIYF
2	CASSV[VS]GSAGELFF
3	CASS.GTGETGELFF
2	CASR[DS]PGFTGELFF
2	CASS[RE]GPEDTEAFF
4	CASSLAGANEKLFF
5	CASS.TENTGELFF
2	CASSLE[WH]RNTEAFF
2	CASS[LS]LTENTGELFF
6	CSVG.gGTNEKLFF
4	CSARdLAGDTGELFF
4	CASSLTGGGSPLHF
2	CASSSD[PD]GPNTEAFF
2	CASSQ[IR]GGENTEAFF
2	CASSLGS[VS]PGELFF
2	CATSRDR[SG]SGNTIYF
3	CASSpTGgPGELFF
2	CASSSGT[ST]NTGELFF
4	CASSsQGYNSPLHF
2	CAS[ST]IQGVGTEAFF
2	CASSPLA[VG]LNTEAFF
2	CASSPGQG[VG]GELFF
2	CSARLAGD[ST]GELFF
5	CASS[DL]SsGNTGELFF
3	CASSPpdRGTEAFF
8	CAS[SR][SQ]GtNTGELFF
3	CASSLSagGNTIYF
5	CASS[RD]GQ[NG]TGELFF
3	CASSlRqENTEAFF
3	CASSpLGpNTEAFF
3	CASSlaGSGSPLHF
2	CASSL[VS]GGAGELFF
3	CASS.GTGMNTEAFF
2	CASSE[IK]SSGNTIYF
6	CASSP[TG]sGNTGELFF
2	CAS[RG]AGSSYNSPLHF
6	CASSEg.DTGELFF
3	CASSstWANTEAFF
2	CASSP[PK]HSYNSPLHF
3	CASSLGL.AGELFF
2	CASSLDPGG[ST]EAFF
2	CASSL[VP]ASTGELFF
4	CASSyLAG[DG]TGELFF
4	CATSDlRDTGELFF
2	CASSEG[QR]VAPGELFF
8	CASSLlpNTGELFF
2	CASSPQDS[PS]TGELFF
3	CASS.GGGNSPLHF
2	CASS[DM]QSSGNTIYF
2	CASSSQN[WD]NTEAFF
2	CASS[PF]TLAGGYTF
5	CASSL[VW]GgGGYTF
3	CASSYSGQ.NEKLFF
2	CAISES[QG]QLNTEAFF
2	CASSFLG[VT]GNTIYF
3	CASSEWG.NTGELFF
2	CASSPR[AT]ANTEAFF
2	CASS[AS]TGGNEKLFF
2	CASSPDR[IE]NTGELFF
2	CAS[RS]YTGVTGELFF
2	CASS[PL]GQDFTGELFF
2	CASSQ[DG]AGTGNTIYF
4	CASSPLGATNEKLFF
4	CASSERAPNTEAFF
3	CASS.QGADTEAFF
5	CASSvGGsNEKLFF
2	CASSPPG[LT]DTGELFF
3	CASSQDggTGELFF
4	CASSLTSAaGELFF
5	CASSPG[LQ][ET]TGELFF
2	CASSE[AY]GTGGTEAFF
2	CASRD[PR]GGLNTEAFF
2	CASSL[PQ]GAPNEKLFF
3	CASSpgQGNEKLFF
2	CASS[DE]ETGGTGELFF
2	CSAR[DT]GTSDTGELFF
2	CASSITG[WY]GTEAFF
2	CASSEWG[AS]NTEAFF
2	CASSLD[AS]GGAGELFF
2	CAWSLGTVNSPL[PH]F
2	CASSPD[PR]GTGELFF
2	CASSSGTGV[VG]ELFF
3	CASSYsErNTEAFF
2	CASSS[RK]GAGGYTF
2	CASSYSGA[GN]TGELFF
2	CAWS[VD]GAGGTGELFF
2	CASSLG[RS]TNEKLFF
2	CASSP[VI]GHNSPLHF
3	CASsLTGiNEKLFF
2	CASSE[IW]GGVEKLFF
2	CASRLAGD[VT]GELFF
2	CASSDP[LG]TGETEAFF
2	CSARDP[RE]LAGVEQFF
2	CASSL[PS]AGPGELFF
2	CASN[PT]GPNTGELFF
2	CASSSDS[VT]SGNTIYF
2	CASS[AD]SGGSGELFF
2	CATSDL[AG]GDTGELFF
3	CASStGQtGNTIYF
2	CASSV[AE]AENTGELFF
2	CASS[LY]SGTNTEAFF
2	CASSYS[PR]LNTEAFF
2	CASS[VP]GGANTGELFF
2	CASS[PL]GTVNTGELFF
2	CASSHGTG[HT]NEKLFF
3	CASsPsGSGNTIYF
2	CASS[PE]LAGGGEQFF
2	CASSQEGG[GN]SPLHF
2	CASS[LY]GPAGAEAFF
2	CASR[PY]GTGNTGELFF
2	CASSLVT[IG]PGELFF
2	CASSLPG[LW]ATEAFF
2	CASSILA[NT]TGELFF
2	CATSD[WS]GQDTGELFF
4	CASSPG[QT]GGTGELFF
2	CASS[VL]GQGAGELFF
3	CASsdGTENTEAFF
2	CASSQDRG[AP]GNTIYF
2	CSVEVGRE[AN]EKLFF
2	CASR[SY]RGMNTEAFF
2	CASSFQ[QR]GGTEAFF
3	CASSRQGalNTEAFF
3	CASSLDR.NSPLHF
2	CASSLLAG[AH]TGELFF
2	CASS[LW]GGRGEKLFF
3	CASSygTSGTGELFF
2	CASS[IY]SSGGTGELFF
2	CASS[VW]DIMNTEAFF
2	CASS[PT]DSATNEKLFF
2	CASRL[AE]GRDTGELFF
2	CASSG[PG]PGGEKLFF
2	CASSLSG[LR]GTEAFF
2	CASS[QG]DLGGEKLFF
2	CASSQ[SG]QGSGNTIYF
2	CASSF[RS]DRATGELFF
2	CASSP[RG]DSNEKLFF
4	CASSQ[DE]pGMNTEAFF
3	CASSLwGgGTEAFF
2	CASS[PS]TGRNSPLHF
2	CASSY[SY]AGRGEKLFF
2	CAS[RS]ERTNTGELFF
3	CASSqDtLNTEAFF
2	CASSL[DG]VMNTEAFF
2	CASSL[NY]SFNTEAFF
2	CASSYV[ST]SGNTIYF
2	CASSPGT[VA]GNTIYF
2	CASSLA[IR]GTGELFF
2	CASSHGTG[PG]EKLFF
2	CASS[VQ]GAEDTEAFF
2	CAWG[LT]GQNNSPLHF
2	CASSSDRVG[DG]TEAFF
2	CASS[LS]DRVGEKLFF
2	CASTRD[ST]LNTEAFF
2	CASSSLAG[RN]TGELFF
2	CSARD[AS]GRDTGELFF
2	CASSV[AE]RRNTGELFF
2	CASSRQG[AY]TNEKLFF
2	CASSLGG[LR]VTEAFF
2	CASSE[VR]TGGTEAFF
2	CAS[RK]AETNTGELFF
2	CASSL[AE]LAGGTYEQYF
2	CASSPLAGG[PD]TDTQYF
4	CASSLAGGG[FS]YNEQFF
3	CASS.GQGAFTDTQYF
2	CASS[LH]LLSGSYNEQFF
3	CASSQD.SSGANVLTF
2	CASSQD[PK]GQGADTQYF
2	CASS[QH]LAGSSYNEQFF
4	CASSLRTSG[RG]GDTQYF
2	CASSP[AS]RDSGANVLTF
11	CASS[VD]eAGGSTDTQYF
2	CASSLVGG[RT]SSYEQYF
3	CASSEsLAGgQETQYF
3	CASShAGGGeGNEQFF
8	CASSLGLAgsTDTQYF
8	CASSSSG[LG][GS]SYNEQFF
4	CASSLGTSGGYNEQFF
2	CASSPRLAGG[LY]NEQFF
2	CASSLGE[RG]GIQETQYF
2	CASSPLGLA[ET]TDTQYF
2	CASSY[ST]GQGSTDTQYF
3	CASS.AEGSGANVLTF
3	CASSqdSGTSYNEQFF
2	CASS[VL]LAGAGTDTQYF
11	CASSQ[DE].GSGANVLTF
3	CASS.GGQGSNQPQHF
2	CASSPLAGK[GN]YNEQFF
2	CASS[VS]EAGGPFNEQFF
4	CASSPGLAGVGDTQYF
2	CASSE[GY]DSSGANVLTF
2	CASSPEG[VR]GGTDTQYF
2	CASSQDLA[AG]VTDTQYF
2	CASSS[PG]RAGGTDTQYF
2	CASSLLAGG[SG]SYEQYF
3	CASSQdLgGSYNEQFF
5	CASSP[RG][TG]GSSYNEQFF
2	CASS[LF]GQGYSGNTIYF
4	CASSAGTSGGTDTQYF
2	CASSPLAG[EF]SYNEQFF
2	CASSEGLAGG[LF]YEQYF
6	CASSySSG[SD]SYNEQFF
3	CASSPvTGTGsYGYTF
3	CASS.GGLAGYNEQFF
2	CASS[ST]PGQDSGNTIYF
2	CASSF[LQ]GGGAPDTQYF
2	CASSFGL[AR]GSSYEQYF
2	CASSDSTSG[PS]TDTQYF
2	CASSLA[HG]SGRYNEQFF
2	CASS[AL]EGLLSTDTQYF
2	CASSLPPGQGT[DE]TQYF
2	CASSLA[IP]SGRVNEQFF
3	CASSLtGRTsTDTQYF
2	CASS[PL]VLAGGPDTQYF
2	CASSP[PR]GQGSNTEAFF
2	CASSD[SG]TSGGADTQYF
2	CASSQD[QS]GTGGYEQYF
2	CASSPSPQG[AP]GETQYF
2	CASRGP[AS]GGPGETQYF
2	CASSLAVA[RG]STDTQYF
2	CASSQ[GN]QDSGANVLTF
2	CASS[PG]DSQSSGNTIYF
2	CASSRSGG[VA]GTDTQYF
2	CASSQVQG[LT]GANVLTF
2	CASSQDPG[AG]GGNEQFF
4	CASSPGLAGAQETQYF
2	CASSLAGTGG[VN]QPQHF
3	CASSQDlAGgYNEQFF
2	CASSY[DS]GTGNNSPLHF
2	CASSPY[SG]GGSTDTQYF
2	CASR[LQ]TSGSSYNEQFF
2	CASSPGT[SG]GAYNEQFF
2	CASSQ[AE]GTSDYNEQFF
2	CASSQER[RG]GGTDTQYF
2	CASSA[LW]LAGGYNEQFF
2	CASSQDPG[QT]GDNEQFF
2	CASS[PD]RSGLSTDTQYF
2	CASSLSG[AR]GAYNEQFF
2	CASSL[RY]GTGGYNEQFF
2	CASSR[AT]SGTYQETQYF
2	CASS[VS]RLAGGTDTQYF
2	CASSQA[VG]GTGANVLTF
2	CASS[IL]GLAGSYNEQFF
2	CASSYGTA[QN]SYNEQFF
2	CASSPG[LG]AGGTDTQYF
2	CAS[RS]PGTGTYNSPLHF
2	CASSGLAGG[EG]TDTQYF
2	CASSL[RS]LAGGEETQYF
3	CASSLGgGgRTDTQYF
2	CATSDLG[QE]GQGNEQFF
2	CASSLDGAG[DK]YYGYTF
2	CATSREQ[DG]SGANVLTF
2	CASSLLGGA[AG]YNEQFF
2	CASSQGAG[RY]HSYEQYF
2	CASSLDLG[VL]AKNIQYF
3	CASSsGTSGsSDTQYF
2	CASSDSPGQ[PG]NTEAFF
2	CASSP[SG]QGDSGNTIYF
2	CASS[LD]GAGGSSDTQYF
2	CASGLGH[PL]GSYNEQFF
2	CASS[VD]SGTGGTDTQYF
2	CASSL[VQ]GSYSNQPQHF
2	CASSIR[VA]SSYNSPLHF
2	CASSQD[LS]LAGGETQYF
2	CASSPTSGL[AT]YNEQFF
2	CASSY[EL]AGGLGDTQYF
2	CASSLG[AL]AGVRETQYF
2	CASSFKAGVLF[NT]EQFF
2	CASSQ[DE]LAGGPDTQYF
3	CASSLGqGgSNQPQHF
2	CASSP[LG]GQGVYNEQFF
2	CASSY[PL]AGRSTDTQYF
2	CASS[YE]ELAGGSYEQYF
2	CASSE[AM]AGGFYNEQFF
53	CASS.ggg.YGYTF
78	CASS..gnQPQHF
77	CASS.GqG.YEQYF
86	CASS..gsYNEQFF
3	CASSLamGGNEQFF
94	CASS..G..YEQYF
3	CASSlGQGGdEQFF
53	CASS.G.G.TEAFF
28	CASS.[TG]gG[AT]DTQYF
8	CASSLG[VG]G[SV]YEQYF
9	CASSlG[TG][YD]QETQYF
15	CASSLs[SG]pQETQYF
4	CASS[PY]LGGGETQYF
19	CASS..SGANVLTF
17	CASS.SG[GS]TDTQYF
4	CSAReGGGQETQYF
36	CASS..G.TDTQYF
8	CASSyGG[RT]YNEQFF
74	CASS.GTG.YEQYF
60	CASSl...NQPQHF
2	CASSL[ET]PDQETQYF
3	CASSPDRGlyEQYF
16	CASSlG.aSYEQYF
3	CASS.GRLNTEAFF
11	CASSLgGG.ETQYF
8	CASS.[AR]GGQETQYF
19	CASSL.gg[NG]QPQHF
72	CASS...[SG]sYEQYF
50	CASS.g.SNQPQHF
9	CASSYS.GyNEQFF
2	CASSPPLEGY[IE]QYF
4	CASSpW[DT]GNNEQFF
20	CASS[PL]g.sTDTQYF
3	CASSqDRGaYEQYF
3	CSArELAGyNEQFF
3	CSARlAGgYNEQFF
2	CASSLGQG[VE]SEQYF
17	CASSPGqG.YGYTF
25	CASS[LF]..[GS]TDTQYF
4	CASSPPGQtYEQYF
13	CASSLG.G[TS]DTQYF
2	CASSHGQG[RG]QPQHF
56	CASS..G.yNEQFF
2	CASS[VF]SQGYYGYTF
20	CASS[LD].G[AP]TDTQYF
2	CASS[DG]LAGGETQYF
2	CASSAQG[EK]GQPQHF
4	CASSQ[AD]RGNTEAFF
3	CASSVgdRGYEQYF
5	CASSSG[GT].NQPQHF
5	CASSlVGANYGYTF
3	CASS.RQGSDEQYF
6	CASSpGTGedTQYF
3	CASSLaGTdNEQFF
19	CASSpGLAG.EQYF
5	CASSYS[QR]GGNEQ[FY]F
4	CASSW[AG]AGQETQYF
2	CASSPGLA[PH]NEQFF
22	CASS.GTG.TEAFF
2	CASSLL[AP]DTDTQYF
2	CASS[QG]GAASYEQYF
2	CASR[DT]TGGSYEQYF
2	CASSI[AW]TGDQPQHF
7	CASSLDRGTDTQYF
3	CASSrDrTSYEQYF
2	CASSPD[RD]GEETQYF
5	CASS[QP]rVSYNEQFF
21	CASS..gGNTEAFF
2	CAISESG[QG]VYEQYF
2	CS[VA]TGTGHDYGYTF
2	CASSLGQGI[DN]EQYF
4	CASSLSGTPYEQYF
2	CASSSGTGV[LR]EQYF
2	CASSIT[SG]YSYEQYF
4	CASSsDSSYNEQFF
3	CASSLgQGAdGYTF
3	CASspTSDYNEQFF
26	CASSl[ES]G.SYEQYF
5	CASSP[GQ]GPyYGYTF
2	CASSW[AD]AGAYEQYF
20	CASS[LV][GV]Gd[ST]YEQYF
2	CASS[VN]SGSLETQYF
5	CASS[GR]QGSYNEQFF
4	CASSPRDrAYEQYF
2	CASSSL[AS]GGKTQYF
3	CSARDrQGsYEQYF
4	CASSQGR[DG]SYEQYF
4	CASSSTG[AT]TYEQYF
4	CASSLsRYQETQYF
2	CASS[GY]LAGADTQYF
6	CASSSP[AG][GH]SYEQYF
6	CASSLg[QG]rPYEQYF
2	CASSLA[ST]GQPQHF
10	CASSEG.G[TP]DTQYF
2	CSARDGTGA[SY]EQYF
2	CASS[PF]IRMNTEAFF
4	CASSlPGQGFGYTF
2	CASS[PL]SGTGDEQFF
4	CASS[VP]GTGDNEQFF
4	CASSQGGG[PT]YEQYF
4	CASSLRGP[HY]NEQFF
4	CASSQDRGYNEQFF
3	CASSfrDRGYEQYF
4	CASSLV[EH]SSYEQYF
2	CASSQD[AR]RGETQYF
4	CASSPTGGRDEQYF
2	CASSP[AR]DGNQPQHF
2	CASRA[PQ]GGNQPQHF
5	CASSLVG[AV][GV]YEQYF
2	CASSL[QD]GLGNEQFF
4	CASSe[LG]ASTDTQYF
3	CSARDRrvSYEQYF
2	CASS[GY]GGLGYEQYF
2	CASS[WY]GGDQPQHF
2	CASSRGS[DN]SYEQYF
2	CASSLGQ[AG]AGPQHF
2	CASS[IE]GLAAYEQYF
2	CAISE[AS]PTNYGYTF
2	CASS[IL]LDGGTEAFF
2	CASSVGG[RS]QPQHF
2	CASSS[VE]KGGREQFF
6	CAsSgTS[SG]YNEQFF
2	CASSPGTG[GK]PQHF
2	CASSQGT[VA]DYEQYF
2	CASSRGP[DN]NQPQHF
2	CASSTGTG[PL]LEQYF
3	CASRgGGsTDTQYF
2	CASSLLG[VT]YNEQFF
3	CASSLaTeTYEQYF
2	CASSE[QK]GSTDTQYF
2	CASS[AL]TSETDTQYF
2	CASSTG[GT]AQETQYF
2	CASSP[RF]QGDTEAFF
2	CASSL[VE]PADYGYTF
2	CSARGTGG[PS]YEQYF
2	CASSYAGP[QK]ETQYF
2	CASSYPEG[EG]ETQYF
2	CASSVGGGRDEQ[YF]F
3	CASSFGTG.ETQYF
2	CASS[LF]EVGPDTQYF
2	CASGLS[DG]RQETQYF
5	CASSDSsG[GS]NEQFF
6	CASSlaG[YE]NQPQHF
2	CASSPEG[RG]AYEQYF
4	CASSLVGGRdGYTF
2	CASSYSG[SK]NYGYTF
2	CASSL[ES]DSGNEQFF
4	CASSE[ID]GGNQPQHF
2	CASRTGTG[AP]YEQYF
2	CASS[VS]GGARNEQFF
3	CASSQlTGgYEQYF
2	CASS[AP]GPYQETQYF
2	CASMLGQ[AN]QETQYF
2	CSARE[AR]GNQPQHF
3	CASSlLAGqETQYF
2	CASSLTG[VP]IYEQYF
2	CASADRG[AP]NQPQHF
2	CASS[PL]TGGIQPQHF
2	CASSLTG[GT]GYEQYF
2	CASSPRDRG[LD]EQYF
4	CASSpRT[GN]YNEQFF
2	CASSPN[IP]GSYEQYF
2	CASSL[FM]GDNYEQYF
3	CASSLTgGSdEQFF
4	CASSpLAASYEQYF
2	CASGLGGG[EG]YEQYF
2	CASRQG[AD]NQPQHF
3	CASSaGTDyNEQFF
2	CASSPGQ[AN]QETQYF
2	CASSLGQG[VD]SPLHF
3	CASSlTSGvNEQFF
2	CASSFTG[QW]GYGYTF
3	CASSLvGgDYEQYF
2	CASSQE[LF]GSYEQYF
2	CASSYSV[PQ]SYEQYF
2	CASSPEGY[KT]DTQYF
2	CASS[VP]RTSTETQYF
5	CASS[LF]rS[DP]SYEQYF
3	CASSSGLgyNEQFF
2	CASSS[ES]QVSYEQYF
2	CASSEG[VT]QGYEQYF
2	CASSPPDR[IF]YEQYF
2	CASSLRSG[QG]DTQYF
5	CASSQEGGGNEQFF
3	CASSLdGfTDTQYF
4	CASS[FQ]GaGNQPQHF
3	CASSLqGTvYGYTF
2	CASSGGQG[AF]HEQYF
2	CASSY[AP]ESSYEQYF
2	CASSPPP[PK]QETQYF
2	CASSQGA[LN]NYGYTF
2	CASTVGGA[AG]DTQYF
2	CASS[PW]GQGHQPQHF
2	CASSYSGG[EK]ETQYF
2	CASSSSGL[RE]ETQYF
3	CASSP.SSYNEQFF
2	CASSIG[VL]AGNEQFF
2	CASTRG[GT]GTDTQYF
3	CASRdRGgQPQHF
2	CASSSG[GT]GANVLTF
2	CASSVGG[AF]PDTQYF
3	CASSsrDRNQPQHF
2	CASRA[GN]SNQPQHF
2	CASSLGGGA[FS]EQYF
2	CASSHRDR[DN]YEQYF
2	CASSVGQ[FQ]PYEQYF
2	CASSDSP[LS]ADTQYF
2	CASSLVKGA[HY]EQYF
4	CASStQGANYGYTF
2	CASSLVE[RG]PYEQYF
2	CASSY[IS]QGDTEAFF
2	CASSL[AG]LAKNIQYF
2	CASSLTQG[WE]TEAFF
2	CASSLGTS[IG]NEQFF
2	CASSF[AS]EGFYEQYF
2	CASS[EF]RDRGYGYTF
2	CASSSDPN[PR]ETQYF
2	CASSQE[ES]GYNEQFF
2	CASSPPGL[PN]YEQYF
2	CSALSG[RG]AHNEQFF
2	CASSRTS[RG]RDTQYF
4	CASSS[PS]GPADTQYF
2	CASRN[PK]GNQPQHF
2	CASSSDRG[DH]YEQYF
2	CSASSG[LS]GPDTQYF
2	CASS[PG]QGADQPQHF
2	CSAGT[EF]SSYNEQFF
2	CASSLAGS[DS]YGYTF
2	CASSFRP[GN]QPQHF
2	CASS[VY]QGGQPQHF
2	CASSEETG[AT]YEQYF
3	CASSPpvGQETQYF
2	CASSLS[LT]RGETQYF
3	CASSPtaGTDTQYF
2	CASSFRD[FT]FYEQYF
2	CASSYT[RH]SNQPQHF
2	CATSRDRV[GY]NEQFF
4	CASSPRT[AD]SYEQYF
2	CASSP[PT]GTGNEQFF
2	CASSDR[AQ]GTDTQYF
2	CASS[VP]QGVADTQYF
2	CASSLSLG[LH]QPQHF
2	CASSQEL[AR]GETQYF
2	CASSLAD[KT]YNEQFF
2	CASR[PL]PGGVNEQYF
2	CSAS[GK]ESSYNEQFF
2	CSARS[GY]READTQYF
3	CASSQdpGDYEQYF
2	CASSVTSG[QG]ETQYF
2	CASSSSGE[NY]YEQYF
2	CASS[SM]RQGAREQYF
2	CASSYSEG[GN]YGYTF
2	CASSLV[RG]GGGEQYF
2	CASSYGS[VL]SYEQYF
2	CASSQETG[IH]YEQYF
3	CASRdsGGRETQYF
2	CASSF[GT]QGAPEAFF
2	CASSLGAG[IY]NEQFF
2	CASSERGG[AW]ETQYF
2	CASTL[AL]GGADTQYF
2	CAS[KT]AGGGYNEQFF
2	CASSSTRD[SY]YEQYF
2	CSARDRGL[GT]YEQYF
2	CASS[PQ]GGREETQYF
2	CASTSGQG[EN]QPQHF
3	CASSLavSNQPQHF
3	CAsMGLAGeETQYF
2	CASSFFRG[SN]QPQHF
3	CASSDRGgaDTQYF
2	CA[ST]SDSDNPYGYTF
2	CASS[DG]GVGNQPQHF
2	CSA[YT]RTARNQPQHF
2	CASSYS[AT]PNYGYTF
2	CASSATSG[AS]DTQYF
2	CASST[WS]TGSYEQYF
2	CASSLQGA[NT]YEQYF
2	CASSNGQF[YT]YEQYF
2	CASS[RH]PDRDYGYTF
2	CASSQGGSS[EK]TQYF
2	CASS[EK]QGGHQPQHF
2	CASSFSG[EG]NNEQFF
3	CASSsSGGrTEAFF
2	CATSRDR[SG]SYEQYF
2	CASSFRSG[SN]DEQFF
2	CASSLNRG[AD]TEAFF
2	CASS[YD]LAANYGYTF
2	CASSV[FT]ASSYEQYF
2	CSARGGP[VL]NYGYTF
2	CASSYGGI[FQ]ETQYF
2	CASS[DG]GDSYNEQFF
2	CASSPGGT[RG]ETQYF
2	CATS[PR]TSGSYEQYF
2	CASSFGTGM[LH]EQYF
2	CAS[RN]PGGGSYEQYF
3	CASsPTGGIyEQYF
3	CASSFGqlQETQYF
3	CASS.RDGTDTQYF
2	CASSLGTG[LW]DEQYF
2	CASSESG[ST]ADTQYF
2	CASSY[YD]GQGYEQYF
2	CASSLGGQ[EL]YEQYF
2	CASSFF[RG]GQETQYF
2	CASSLR[VS]ANYGYTF
2	CASSLSG[RY]SDTQYF
2	CASSSP[ST]DYNEQFF
2	CASS[NF]PGTEETQYF
3	CASSQDqnTDTQYF
2	CSVELAG[LK]YNEQFF
2	CSARD[IY]SGANVLTF
3	CASsSgSNYNEQFF
3	CASSLvgGDNEQFF
2	CASSD[DT]RTNYGYTF
2	CASS[PR]DRLNYGYTF
3	CASStGiSTDTQYF
2	CSARDL[AL]GGYEQYF
2	CASSFLA[YT]YNEQFF
2	CASSL[VS]GGRDEQYF
2	CASS[WF]GGGSNEQFF
2	CASGTG[DN]NQPQHF
2	CASSVEGG[ST]DTQYF
2	CASS[EL]VGAKNIQYF
2	CASSS[ST]GATDTQYF
2	CASSLGQ[VT]NTEAFF
3	CSVaGgSSYNEQFF
2	CASSQG[EL]GDYEQYF
2	CASS[DN]GTGGNEQFF
2	CASS[LG]TDSTDTQYF
2	CASSG[ID]RGLDTQYF
2	CASSQ[AE]GRDYEQYF
3	CASSvwTNQETQYF
2	CASSG[AP]GGGNEQFF
2	CASSDGQG[AN]NEQFF
2	CASSSGTG[DH]QPQHF
2	CASS[DE]GRETDTQYF
2	CASSLGGA[EG]ETQYF
2	CASSSPGLV[EK]TQYF
2	CASSFG[LQ]DQPQHF
2	CASRPSG[VD]NQPQHF
2	CASSQGG[DT]NQPQHF
2	CASSLE[LR]ITDTQYF
2	CASSFS[QR]GPYEQYF
2	CSASGLAG[DG]YEQYF
2	CASSD[LR]GGDNEQFF
2	CASRTG[VG]GNQPQHF
2	CASSWTEG[AS]YEQYF
2	CASS[PE]GGNLYEQYF
2	CAS[RG]SGQGVETQYF
2	CAWSVGQGAD[ET]QYF
2	CASSLDWTY[NT]EQFF
2	CASSQV[IT]GTDTQYF
2	CASSL[YD]RVRETQYF
2	CASSFGG[VA]GDTQYF
2	CAISE[SG]RGNTEAFF
2	CASS[PE]STGGYGYTF
2	CASS[LM]GTDYTEAFF
2	CASSE[IW]QSSYEQYF
2	CASS[EL]VASYNEQFF
2	CASSPRQG[VP]DTQYF
2	CSAR[VP]SGVSDTQYF
2	CASSLR[QS]GNTEAFF
2	CASS[LM]GRGLAEAFF
2	CASSLWGT[DN]QPQHF
2	CASSVGG[SN]PYEQYF
2	CA[IS]SLTGSKDTQYF
2	CASS[LF]VGGANVLTF
2	CASSLRDRV[HY]EQYF
2	CASSL[DN]RGYQPQHF
2	CASSFTDREGFWSNTE[VA]FF
2	CASSLWGRG[RD]SSYNEQFF
2	CASSAIVPGLAGGFQE[IT]QYF
2	CASSLL[AG]LAGGTDTQYF
2	CASSLEPG[SG]SGANVLTF
2	CASSLSSSG[LG]SYNEQFF
2	CASS[SY]PGLYSGANVLTF
2	CASSVDPDR[VE]ANYGYTF
2	CASS[VL]GAAGTNTGELFF
2	CASSGTSGS[LS]SYNEQFF
2	CASSYSR[QS]LSSGNTIYF
2	CASS[LF]EGQGATNEKLFF
3	CASSMEGSGGWEETQyf
2	CASSYPTSG[PE]SYNEQFF
2	CASSLSVLAG[VG]TDTQYF
2	CASS[PL]GPLAGGQETQYF
2	CASSPGLAGGP[PG]YEQYF
2	CASS[PL]GGSSSGANVLTF
2	CASSL[AN]GLAASTDTQYF
2	CASSQEPAGGP[PG]NEQFF
2	CASSL[LT]GGGSSYNEQFF
2	CASSMGTSGS[IS]YNEQFF
2	CASSEA[LR]AGRSTDTQYF
2	CASSYSAGTG[VD]DQPQHF
2	CASSGGLAGGP[FS]ETQYF
53	CASS.g.YGYTF
19	CASSvGGnEQ[FY]F
15	CASSfG[PL].YEQYF
166	CASS...TEAFF
10	CASr[ST]G[ST]YEQYF
145	CASS...NEQFF
63	CASS..[GQ]eTQYF
306	CASS...nTEAFF
64	CASS...GELFF
369	CASS....YEQYF
119	CASS....YGYTF
73	CASS..[DE]TQYF
90	CASS..g.ETQYF
25	CASS..dTGELFF
4	CASSTG[AR]EAFF
109	CASS...TDTQYF
37	CASS..GELFF
101	CASS...DTQYF
22	CASSl[GR]G[PY]YEQYF
55	CASS..nTGELFF
5	CASS[RA]G[LD]QPQHF
28	CASSf.g[SA]YEQYF
117	CASS...EQYF
3	CAWSvqDNQPQHF
2	CASSL[VS]GAPEAFF
164	CASS...yEQYF
81	CASSLg..NEQFF
38	CASS..GyNEQFF
76	CASS..nEQFF
60	CASS...YNEQFF
13	CASr.[MG]NTEAFF
42	CASS.dR[AG]YEQYF
6	CAWSqAYEQYF
48	CASS...tGELFF
24	CA[TS]S...GETQYF
4	CASSSpGYGYTF
10	CAS[SG]f.QPQHF
35	CASS...GNEQFF
14	CASSl.GANVLTF
53	CASS.g.EAFF
2	CASSQD[VD]NEKLFF
2	CAST[EG]GTGDEQYF
2	CATSD[VS]DGEQFF
30	CASSL.[RQ]GTEAFF
5	CASS[PD]SGtEQFF
3	CASSiGTlEAFF
5	CASSIGr[AN]TEAFF
3	CASSyeVNTEAFF
8	CASS[PE]LG[GT][DN]TQYF
4	CASSLG.DGYTF
4	CSARg[DS]YEQYF
3	CASSspGEQYF
10	CASS[QL]g[GY]GYTF
2	CASS[EM]NGGEAFF
6	CASSpT[EG]DYGYTF
3	CASSQD.GGEQYF
3	CASgTgGLYGYTF
2	CASSF[PF]NEQFF
12	CASS[SP][PT][NA]YEQYF
2	CSAI[QH]GNEQYF
27	CASSP.g.YEQYF
4	CASSEGeGYGYTF
3	CASSSrlGGYTF
4	CASRRQGETEAFF
2	CASS[FT]RGPGELFF
6	CAS[ST]qGGSYEQYF
20	CASrg[GS]YNEQFF
2	CASSPGR[PL]QHF
2	CAST[EL]TGTGELFF
2	CASSWP[EL]GNEQFF
4	CASR[LW]NTEAFF
2	CASSLL[LW]GTEQYF
2	CASG[LQ]ENTGELFF
2	CASTGTA[QY]NEQFF
4	CASSWGR[GN]NEQFF
10	CSAR.[RG]DTEAFF
2	CAWSRPP[IG]TEAFF
6	CAStgGYEQYF
2	CSA[PW]QGNTEAFF
6	CASS[DQ]TRGEQfF
3	CASSylGDTQYF
6	CSARglG[DG]TEAFF
2	CASTAG[LN]TEAFF
2	CASSY[RM]DTYEQYF
2	CASSQ[VE]GQREQYF
21	CASS.[GD].YEQYF
7	CASSL[SG]SGNTIYF
10	CASS[VP]GTSNEQFF
2	CASSPQ[FH]AEAFF
2	CSV[AE]GQGFYEQYF
6	CASS.[RE]TDYEQYF
2	CSA[AK]GLNTGELFF
2	CASSFGDS[LW]EQYF
2	CATS[LD]SYNEQFF
2	CASARTGS[LT]EAFF
3	CASSSSgyEQFF
3	CASSYSasDTQYF
3	CSVE.ADYEQYF
2	CSA[PW]AAGELFF
8	CASR[TG]GNQPQHF
2	CASSYRT[GN]YGYTF
7	CASS[DY]SgNSPLHF
5	CASS[FT]G[AT]AEAFF
4	CASRDRG[RS]YEQYF
2	CASS[AW]DNTDTQYF
4	CASSPvGEKLFF
19	CASS..NQPQHF
3	CAS.QGNSPLHF
10	CASS[SQ].SNQPQHF
2	CASS[SH]RPNQPQHF
7	CASS[LG].GNTIYF
6	CASS.TlQETQYF
5	CA[SI]SESGDNEQFF
2	CASRG[GN]TQYF
2	CSVL[PG]GNTGELFF
2	CATS[DT]GNTEAFF
4	CASSPL[IG]QETQYF
2	CASK[GY]VNTEAFF
3	CSV.LNTEAFF
4	CASRT[LG]DTQYF
2	CASG[HT]SSYEQYF
2	CASS[PN]GASNGYTF
4	CASSlGEKLFF
3	CASSSdiQETQYF
2	CASSFNS[EG]TEAFF
4	CSAR.GVGNTIYF
3	CASasGNTIYF
6	CASr[QA]GTGELFF
2	CAS[SK]QENYGYTF
4	CASSPG[PN]GYTF
2	CASSLV[QN]ANEQYF
2	CAT[YT]EGSYEQYF
2	CSV[PH]GTSTDTQYF
2	CASSRDRG[LG]AFF
2	CASSTSG[LR]YEQYF
4	CSARDgDYGYTF
5	CASssGANVLTF
2	CASSLAG[EN]GAFF
5	CAS[RT]TGDEQFF
5	CASGg[LT]NTGELFF
5	CASS[GS]dSEAFF
8	CASRg[GD][SQ]SYEQYF
3	CASRDR.QETQYF
2	CASSLV[AQ]GPEAFF
10	CAS[SG].NEQFF
2	CASRQG[PT]EAFF
5	CAWS[VQ]gSYEQYF
3	CAwSdLGGETQYF
2	CASRT[SG]GETQYF
6	CASS.T[AE]NYGYTF
2	CASSY[VF]AYNEQFF
2	CASR[GT]DTEAFF
2	CA[RW]TGGTEAFF
2	CASSS[QW]GSGYTF
2	CASS[YE]SLNEQYF
2	CATGTG[ET]YEQYF
3	CASTpqGSYEQYF
4	CASSSGTdEKLFF
2	CASSS[RD]EKLFF
2	CASR[EL]QGTYEQYF
5	CASS[QA][RD]GSGELFF
2	CASSER[RD]DTQYF
11	CASs.YEQYF
4	CASSQE[PS]SYEQYF
2	CASSIATGE[AQ]FF
2	CASSPL[LS]GGGYTF
2	CASSPGTG[IF]EQFF
3	CASSleDYGYTF
2	CASSG[RF]GRETQYF
2	CSARLA[DT]YNEQFF
7	CASSLG[NY]SPLHF
6	CASS[RL]Ds[NY]TEAFF
3	CASTPSggNEQFF
7	CASSL[SV]gQPQHF
2	CAT[EL]TGGTEAFF
3	CASSP.SNEQFF
2	CSAREA[HG]SYEQYF
2	CATSSGT[AH]YGYTF
3	CASSlSgRNEQFF
2	CASTQ[DE]GNTEAFF
2	CASSLN[RW]GETQYF
2	CSA[RS]GLSDEQFF
2	CASS[LS]NYYNEQFF
2	CSAGG[IS]NTEAFF
2	CASSLY[RY]DNEQFF
2	CASS[QT]PGGEQYF
4	CATS.IAGETQYF
2	CASSLEQG[DH]GYTF
2	CASSE[QD]SIYGYTF
3	CASgGpQETQYF
3	CASSSgaETQYF
2	CASSYS[PE]VHEQYF
2	CASSSD[AP]GTQYF
3	CASRtaYEQYF
2	CASSYSN[FT]YEQYF
2	CASSE[KN]ENQPQHF
2	CASSV[VP]PGYEQYF
2	CSA[PR]GGHGYTF
2	CASR[RE]DREAFF
4	CASSS[AT]NSPLHF
4	CASRG[LQ][VM]NTEAFF
4	CSARDgTGNGYTF
2	CASSRR[VD]GEQYF
3	CASSflSTDTQYF
2	CASA[ST]DTQYF
2	CASSE[VD]REQYF
2	CAS[AK]GNEQFF
2	CA[ST]SLLSHNEQFF
2	CASR[MT]AAYEQYF
2	CAS[SY]EQYF
2	CASSRD[PN]YGYTF
3	CASSQGT.EQYF
2	CSVTDRG[HY]GYTF
2	CSA[AM]GVENTEAFF
2	CAS[LT]GTDTQYF
2	CASS[FH]RGGYTF
3	CASSriVTDTQYF
2	CASSI[WE]NTIYF
2	CASSLTS[PQ]DTQYF
3	CAStRGgTDTQYF
5	CASS[TS]G[LE]AGELFF
2	CASSQ[KT]DGYTF
2	CSV[DG]TGTGELFF
2	CASSLTG[AY]DGYTF
3	CASSLiPgEQYF
2	CASSR[PE]RGYEQYF
3	CASSrNmNTEAFF
2	CASG[DN]TEAFF
2	CASSIG[SH]HYGYTF
2	CASSFGT[QG]QFF
2	CASSLRGD[IG]QYF
6	CASSlv[LR]YNEQFF
2	CASR[PS]TGWDEQYF
2	CSARDY[DS]SYEQYF
2	CASSQG[SY]SEQFF
2	CASSFN[VA]DEQFF
3	CASSsnWETQYF
3	CASrDRGnNEQFF
3	CASG.PNTEAFF
3	CSAngQGYEQYF
2	CA[GT]RGSNTEAFF
7	CASSfggSDTQYF
2	CASSPPGV[SY]GYTF
2	CASGL[EK]TGELFF
2	CASS[FG]PRYGYTF
2	CASSL[VE]KDEQYF
2	CASRDRG[ST]YGYTF
2	CASS[IW]QGDNEQYF
3	CASSS.RGEKLFF
2	CASS[PE]APSNEQFF
5	CASS[PL]G[SH]QPQHF
3	CSVEGGttYEQYF
2	CASS[LY]AEKETQYF
2	CASSFPGK[HY]EQYF
2	CASRPGQ[AM]YGYTF
2	CASSQPS[DN]TEAFF
2	CA[IS]SRQGNEQYF
2	CASSS[LT]NTDTQYF
2	CASSEWG[EL]NEQFF
2	CAS[RT]AGGTEQFF
3	CASgySNSPLHF
2	CASSA[QT]PGELFF
2	CASGIA[HT]NEQFF
2	CASSQD[FG]PDTQYF
2	CASRKLG[EL]ETQYF
2	CASSF[AF]GREQYF
3	CASSLSsShEQYF
2	CASRSW[ET]DTQYF
3	CASSpQgADTQYF
2	CASSID[PG]TDTQYF
2	CASSPPR[QG]PQHF
2	CASS[AQ]ALGTEAFF
2	CASSFGGS[RG]EQYF
3	CASSpSgTGEQFF
2	CASSSG[HN]QETQYF
3	CSAsgQGSYEQYF
3	CSAtGgGDTEAFF
2	CASKGL[SG]YEQYF
4	CASSVdTNYGYTF
2	CASSDST[EN]NEQFF
3	CAseGDTQYF
2	CASSY[EG]PSYGYTF
3	CASSeEApYEQYF
2	CASGG[VD]SNQPQHF
8	CSARG[TD].dYEQYF
3	CASSfmADTQYF
4	CASSPP[AY]YNEQFF
2	CASSDSG[HT]NEQFF
2	CSVEGQV[DN]YGYTF
2	CSARAG[PL]SYEQYF
2	CASSPRGG[LD]EAFF
2	CASR[DG]RKETQYF
3	CASRsqETQYF
3	CAsSeGAEETQYF
2	CASRRG[YD]TEAFF
2	CASSSGTG[VF]GYTF
2	CASSIASG[LD]EQYF
2	CASS[RF]SRGYTF
2	CATSRDG[IN]EQFF
2	CSAR[ST]PTYNEQFF
4	CASR[VG]SSYEQYF
2	CASS[LY]RQPEAFF
2	CASSYQG[VW]NEQYF
3	CASSPdsGNTIYF
2	CASSYGTG[IA]GYTF
3	CASSiTGdGYTF
2	CASSL[EN]GPPLHF
2	CASSS[EL]GNYGYTF
2	CASSQSPGG[IT]QYF
2	CASSL[ST]TGGEQFF
2	CASS[DH]GGDNEQFF
4	CASSlPEGETQYF
3	CASsgQGNSPLHF
2	CASTP[AG]GELFF
2	CASS[PM]SRNNEQFF
2	CASSLQV[KN]GYTF
2	CSARTGGG[WY]EQYF
4	CASSQVGNYEQYF
2	CASSLG[RS]RSPLHF
2	CASSE[LK]GTGELFF
2	CASS[IE]ANTGELFF
2	CATSGF[GT]NEQFF
2	CASSY[PW]DEQFF
2	CATR[WS]GDTEAFF
2	CASSLL[PG]KETQYF
2	CASSPR[AT]GTEAFF
3	CSARDLtDEKLfF
2	CATL[SG]PNTEAFF
3	CASSwGmGTEAFF
2	CASSRG[PS]DEQFF
2	CASSSGLREQ[YF]F
2	CASS[PQ]VGKTEAFF
2	CSARG[PG]PTGELFF
2	CASSVVG[LY]GYTF
2	CASTQ[DN]TEAFF
2	CSVGTGL[NT]EQFF
2	CASSSWD[SG]EQFF
3	CASSSRtgDEQYF
3	CASR.TGHYGYTF
2	CSAPSGE[DT]YEQYF
2	CASSIV[GT]SNEQFF
2	CSARR[AE]RQPQHF
2	CSA[LD]GLNTEAFF
2	CATS[RD]VGETQYF
2	CAW[VE]MNTEAFF
2	CATS[DS]FGTDTQYF
2	CASS[PT]TADEQFF
2	CASRG[AF]NEKLFF
2	CSAPGTG[AG]YEQYF
2	CASSQV[PE]GTEAFF
3	CASS.RENSPLHF
2	CASSP[PN]AGGEQYF
2	CASG[QD]NQPQHF
2	CSARDG[NF]YEQYF
2	CASS[PS]TVAGEQYF
2	CASR[RD]RSYNEQFF
2	CAS[VS]SAYTDTQYF
2	CASSLGPL[AD]GYTF
2	CSAS[IA]GDTEAFF
2	CASSD[IN]YGYTF
2	CSARSGR[WY]NEQFF
2	CSARDR[DG]YEQYF
2	CASSYG[EN]NEKLFF
2	CAT[RG]QGNTGELFF
2	CSAR[RE]GDNEQFF
3	CASSlGgRGEQFF
2	CASSLDRG[NY]GYTF
2	CASS[AP]LITGELFF
2	CASSE[FS]WGTEAFF
2	CSAS[WD]GLNTEAFF
3	CASSptGNTIYF
2	CASS[VQ]DSTGELFF
2	CASSQG[QS]VTEAFF
2	CASRQG[WS]TEAFF
2	CASRGQG[ES]GYTF
2	CASSQ[LD]STYEQYF
2	CSVV[EG]GDTGELFF
2	CASSP[DE]YQETQYF
2	CASSLN[PR]NYEQYF
3	CASSHpGdEQFF
2	CASSDSD[LY]NEQFF
2	CASSL[AD]RVGEQYF
2	CASRD[RS]MNTEAFF
3	CASRPSGrEQfF
2	CASSHL[DS]QETQYF
2	CSARGG[EH]SYEQYF
2	CASS[MY]RGSEAFF
2	CASS[VM]DRGTEAFF
3	CASrdYEQYF
2	CASS[FT]RATEAFF
2	CASSLARA[AG]EAFF
3	CASSLsrSGELFF
2	CASSRTD[PS]YEQYF
2	CASSY[FG]GQPQHF
4	CASSQD[LR]VEQFF
2	CASS[VR]TSNYGYTF
2	CAW[GN]GVLNTEAFF
2	CSA[RH]PGGDTEAFF
2	CASSLG[AY]NGYTF
2	CATSR[AD]GGYTF
2	CASSPPN[SN]YGYTF
2	CASSLA[RG]GYEAFF
3	CASrgTGELFF
3	CASSynSPLHF
2	CASSYRTA[DG]TQYF
2	CASSQG[RG]DSPLHF
3	CASSlGGlSEQYF
2	CASS[RM]TVNSPLHF
2	CASSTGTS[AG]SQYF
2	CASSYGTG[RF]EQYF
2	CASSHL[SY]GYTF
2	CASR[VG]TEAFF
2	CASS[PE]RAFF
2	CASSQG[VA]GNTIYF
3	CSArTSeAYEQYF
2	CASSFEI[YT]EQYF
3	CASrGQGtDTQYF
2	CASSSRE[AQ]FF
2	CASS[RS]GGAETQYF
2	CASSRQ[EF]YEQYF
2	CASSLVGS[AK]EAFF
2	CASSYS[LD]RETQYF
2	CASSPP[VE]GEQFF
2	CA[ST]RDQNTGELFF
2	CASSQD[LR]GWEQFF
2	CASSP[QN]RDGYTF
2	CAWS[ST]YTEAFF
2	CASSLA[RK]GEQYF
2	CASRG[LS]SYNEQFF
2	CASSYS[ID]WEKLFF
2	CASSFGS[GK]TQYF
2	CASSR[PT]GEPQHF
2	CASLD[NF]TEAFF
2	CSVEV[AQ]GDYGYTF
2	CASSEG[PE]NEQYF
2	CASSGQ[SY]NQPQHF
2	CASSIMG[LS]TEAFF
2	CATR[VM]GNQPQHF
2	CASSLPW[AR]NEQFF
2	CASS[QR]TSGSEQFF
2	CASS[LG]RNGELFF
2	CASSGGLL[AD]EQFF
2	CSAREG[NY]TEAFF
2	CASSLRD[AF]DTQYF
2	CASSY[HN]RGTEAFF
2	CSARDS[VP]GNGYTF
2	CASSGGS[IQ]NEQFF
2	CASRGQG[VE]NEQFF
2	CSARE[GY]SYEQYF
2	CASSSPG[LS]DTQYF
2	CASS[AY]RGLDEQYF
2	CASR[PT]GPAYEQYF
2	CAS[EG]QGGNSPLHF
2	CAWSVS[PS]EQYF
2	CSAR[VA]LAGNEQFF
2	CASSLGG[VN]EKLFF
2	CASSY[WN]VADTQYF
2	CASSIG[LT]SGELFF
2	CAWSV[PS]GGTEAFF
2	CASRTG[RS]GTEAFF
2	CASSYGF[PD]TEAFF
2	CASS[LS]TGDSPLHF
2	CASRL[AT]GAGELFF
2	CASSLE[SG]EKLFF
2	CASSHDPG[GN]EQYF
2	CASSLRD[SK]EAFF
2	CATSRDR[VL]YF
2	CASSE[QK]NYGYTF
2	CAWSV[RT]ENTEAFF
2	CASN[RS]DRDHEQYF
2	CASS[LT]LREQFF
2	CAS[LK]WGGQETQYF
2	CASS[IP]GLNEKLFF
2	CASSFSG[AS]GELFF
2	CASS[RD]IEQFF
2	CASS[PF]RGRGYTF
2	CASSGTG[WY]QPQHF
2	CASGTG[AM]TYEQYF
2	CASS[AG]RGDYEQYF
2	CASS[PG]EDNTEAFF
2	CASSFY[QS]GDTQYF
2	CASR[IR]EKLFF
2	CASS[LF]KPNYGYTF
2	CSVVG[DS]EQYF
2	CA[IT]SQGTYEQYF
2	CSARD[IP]GTGELFF
2	CASSS[QD]RNEQFF
2	CASSYG[FQ]GEKLFF
2	CASRE[EG]NTGELFF
2	CSV[VE]TPTEAFF
2	CASSIG[PT]RTEAFF
19	CASS.gGsGANVLTF
27	CASS[LP]GLAG.NEQFF
15	CASS[DP].GGsYNEQFF
15	CASSL.GTGgYEQYF
31	CASS.Gt[GS]GSYEQYF
13	CASSL.GG[LM]NTEAFF
3	CASsRGlGSNQPQHF
53	CASS.G.[AG][GS].YEQYF
2	CASSP[AG]GDPRETQYF
37	CASSl...SYNEQFF
2	CASSLA[AG]GGVNTEAFF
18	CASSl.GySNQPQHF
6	CASSlR[QL]G[IA]NTGELFF
2	CASSLYRG[VQ]DTEAFF
78	CASS..GsSYNEQFF
56	CASSL.GG.YNEQFF
39	CASS.lAG.YNEQFF
4	CASSPG[EH]TSTDTQYF
36	CASS.GT[SG]gYNEQFF
3	CASSLaGqGSYEQYF
36	CASSd[SG].GgTDTQYF
6	CASSlPGQGaYEQYF
37	CASS.LAGgtDTQYF
26	CASS.[TA]SG[GS]tDTQYF
8	CASSQDRgGQETQYF
36	CASSl.[GA]GSTDTQYF
41	CASS.TSG.YNEQFF
2	CASSFRDRG[VP]NEQFF
2	CASS[VI]SGAGTDTQYF
2	CASRG[DG]RGSSYEQYF
7	CASS[QE]eGGSNQPQHF
2	CASS[QE]AGVGTDTQYF
12	CASSl.T[SG]GQETQYF
3	CASSYSA.MNTEAFF
6	CASSVGgGG.NEQFF
5	CASS[PW]TSGsQETQYF
8	CASS[PS]TG.GNQPQHF
2	CASSL[LS]RGSTDTQYF
3	CASSldSGGANEQFF
7	CASSLLAG[GV]PYEQYF
2	CASSL[RG]DRGFYEQYF
5	CASSLEGv[SY]TDTQYF
9	CASSdsTSGsNEQFF
5	CASS[LY]PGQgTDTQYF
9	CASS.[QA]GSGANVLTF
9	CASS[PL]GT[AG]STDTQYF
3	CASSPRTG.NTGELFF
2	CASSGGTG[DE]TDTQYF
2	CASS[QG]RDAPYNEQFF
25	CASSL[GE]aGgSYEQYF
3	CASSqGLaGADTQYF
15	CASSL..SGANVLTF
4	CASSEGgASSYEQYF
4	CASSPSQGANTEAFF
2	CASS[VL]RGRGTDTQYF
2	CASS[HT]RQDSSYEQYF
7	CASSP[RI][PD]SSYNEQFF
3	CASSeGLAGhNEQFF
2	CASSPSGS[LT]TDTQYF
3	CASSLSDRvgYEQYF
3	CASSLvpGGGNEQFF
4	CASS[AS]GLAGTDTQYF
4	CASSVDRDSNQPQHF
2	CASRSPG[DH]PYNEQFF
2	CASS[ES]GTGGGNEQFF
2	CSARVEGG[PQ]YNEQFF
2	CASS[FM]GLAGNNEQFF
2	CASS[QD]DGGSSYEQYF
4	CSARD[LR]aSSYNEQFF
4	CASSP[VG]SGGNTEAFF
2	CASSVEG[QR]GYNEQFF
2	CASSTGTSG[RF]DEQYF
3	CASSlRQGgNTEAFF
3	CASSaGTgGNQPQHF
2	CASSLNRG[RC]NQPQHF
5	CASSfSGSSTDTQYF
2	CASSLAGA[PN]TDTQYF
6	CASSp[TI]GTGNYGYTF
3	CASSLdrGANYGYTF
2	CASSL[DN]GLMNTEAFF
2	CASS[VS]RGRGNYGYTF
11	CASSq[DS]sGsYNEQFF
2	CASSFGQ[VA]SYNEQFF
5	CASS[PR]LAGEQETQYF
3	CASSYsGGtNTEAFF
2	CASSPSGD[LY]NSPLHF
2	CASSTQGG[WS]GQPQHF
3	CASSLAgGpTYEQYF
3	CASSLEvgSNQPQHF
3	CASSLyGTvNTEAFF
2	CASSP[LS]GGSPDTQYF
2	CASSLERGP[SN]QPQHF
5	CASSQD[RS]GSNQPQHF
2	CASS[GT]RTGSNQPQHF
5	CASSL[GN][PE]gLNTEAFF
3	CASSYsGQGlYEQYF
3	CASSvGTGaNTEAFF
3	CASSPtgGGNTGELFF
4	CASSLQGGGNQPQHF
3	CASSqDlGVSYEQYF
2	CASS[LF]RTGGSYEQYF
2	CASSSPTSG[LS]REQYF
2	CASSD[QR]TSGYNEQFF
3	CASSeElGGTDTQYF
2	CATSD[PL]GQGDTGELFF
2	CASS[PE]GQLSNTGELFF
2	CASS[QS]RLAESYEQYF
2	CASSLGQG[VG]IYEQYF
3	CASSQgtGGNTEAFF
5	CASSP[RS]GP[SG]TDTQYF
3	CASSpSGGTaYEQYF
2	CASSRSGG[LH]QETQYF
4	CASSFSGGSSYEQYF
7	CASSsRDRGpYEQYF
4	CASSLqSSYNSPLHF
2	CASSP[PW]TSGSNEQFF
3	CASSVAGqGtDTQYF
3	CASSlgLDSYNEQFF
2	CASSLIRG[IR]YTGELFF
4	CASSlD[SY]YSNQPQHF
3	CASSFlAAsTDTQYF
2	CASSLGVR[AG]NTEAFF
4	CASSQGLA[EF]YNEQFF
4	CASSEDR[SG]STDTQYF
3	CASSV.GASTDTQYF
2	CASSQVRRG[PT]DTQYF
2	CSAR[DE]GDRDTDTQYF
3	CASSlRGQGnQPQHF
2	CASSV[AG]TGTTDTQYF
2	CASS[PD]RTGGNNEQFF
2	CASSLAPG[LH]YNEQFF
4	CASSQDGGgTDTQYF
2	CSARE[PT]GSSYNEQFF
3	CASSLtPsGNTGELFF
2	CASSL[QD]GSSGNTIYF
3	CASSlGQGPhNEQFF
2	CASSLGVAG[VP]TGELFF
2	CASS[RY]TGDGGNEQFF
2	CASS[PY]SGGASYEQYF
2	CASSYS[RS]RLNTEAFF
2	CASSL[FK]SGGYNEQFF
2	CASSLTG[NF]GANVLTF
3	CASR.TSGAYNEQFF
2	CASSL[GT]GGTENEQFF
3	CASSEG.GASYEQYF
2	CASSSLQGS[RS]YEQYF
3	CASSQDpAGGyEQYF
3	CASS.GGAVYNEQFF
2	CASSLGTSGR[AD]EQFF
3	CASSLGgTgQETQYF
2	CASSVGRGG[VG]YEQYF
4	CASSSSG[AG]GSYEQYF
2	CASSDGQG[EK]PYEQYF
2	CASSLA[IA]GGGETQYF
3	CASSLVagTSYEQYF
2	CASSVDRG[IL]NYGYTF
2	CASS[VP]GSSGSNEQFF
2	CASSLRR[AG]DTDTQYF
2	CASS[AE]RLAGLYEQYF
2	CASSP[RH]RTGSYEQYF
2	CASSPR[PT]RSPDTQYF
3	CASsaGLADQETQYF
4	CASSLGQGA[SY]QPQHF
3	CASSPtTGvNTGELFF
2	CASSQVLD[PS]SYEQYF
2	CASS[GY]MAGGYNEQFF
2	CASSQEG[RG]AADTQYF
4	CASSlD[RS]GGTDTQYF
2	CASSP[IS]DRPPYEQYF
5	CASSLSGGp[PS]YEQYF
3	CASSQeReSSYEQYF
3	CASSPQG.SYNEQFF
4	CASSSPGTG[VL]YEQYF
3	CASSLVPesTDTQYF
2	CASSLG[PQ]DPYNEQFF
5	CASS[IY]G[TQ]GLNTEAFF
2	CASSLAPGQ[VN]YEQYF
6	CASSLG[TS]SGtYEQYF
4	CASSpAGGPTDTQYF
2	CASS[LS]RLAEYNEQFF
2	CATRGRGE[AS]YNEQFF
2	CASSEASGG[SY]YEQYF
2	CSARDPG[IS]LPYEQYF
2	CASSVGTSGS[RY]EQFF
2	CASSLGGG[ET]VYEQYF
2	CASSFVG[ET]VYNEQFF
2	CASS[PD]SGQGNTGELFF
7	CASSpRDSsTDTQYF
2	CASSL[ST]SGGDNEQFF
2	CASSDPG[QN]SNQPQHF
2	CASSTSGG[PH]GDTQYF
2	CASSIGGG[AL]MNTEAFF
4	CASSlGLAGGGEQYF
3	CASSPRTggTDTQYF
3	CASSIEgqGNQPQHF
3	CASSLAG.AKNIQYF
2	CASSLAPG[AT]TNEKLFF
2	CASSP[GT]DRSYNEQFF
2	CASSVAGTS[AG]YEQYF
2	CASSEGTGG[DN]SPLHF
2	CASSSRVA[AP]YNEQFF
2	CASSLG[LY]GSGNTIYF
3	CASSLGLAG.TGELFF
2	CASSLG[VG]RGDQPQHF
2	CASSLA[VA]GLNTEAFF
2	CASSL[LT]TGAGNTIYF
2	CASSYP[QS]DRQETQYF
4	CASSPGAG[RE]YNEQFF
2	CASSLGTGTG[YE]GYTF
2	CSAR[RE]TQGFQETQYF
2	CASSV[AR]AGGTDTQYF
2	CASSER[RG]AGNQPQHF
2	CASSGLGR[WD]QETQYF
2	CASSSQTGG[SN]YGYTF
2	CASSPRLA[IS]SYEQYF
3	CASSfSGGAgDEQFF
2	CASSLVA[SG]GGYGYTF
2	CASSEGAGV[VH]NEQFF
2	CASS[AY]TGTGGTGELFF
3	CASSsLAGVgETQYF
3	CASSqgLADTDTQYF
2	CASSSGLAS[HY]NEQFF
2	CASSRTSGS[IF]DEQFF
2	CASSLS[DT]GLNTEAFF
2	CASSPGQGS[EN]NEQFF
2	CASSFRGP[DS]SYEQYF
4	CASSLGSGGSDTQYF
2	CASSL[IS]TGGGTEAFF
2	CASSSRD[WS]PYNEQFF
4	CASSV[EG]AGPSYEQYF
3	CASSpPGQGdNEQFF
2	CASSDSGQG[AT]DTQYF
3	CASSSiAGgQETQYF
2	CASSLGDRG[GT]HEQYF
2	CASS[IF]SGGAAGEQYF
4	CASSLGR[NT]MNTEAFF
2	CASSQDRG[AQ]GYGYTF
2	CASSH[LN]RDSSYEQYF
2	CASSDSLAG[AT]DTQYF
4	CAS[RS]PTGTGPYEQYF
2	CASSEAS[SG]AYNEQFF
2	CASSLGQ[PS]YQETQYF
2	CASSLA[AT]GNQETQYF
2	CASSV[RE]GQTQETQYF
2	CASSPGT[LN]SQETQYF
2	CASSQD[AG]GNYNEQFF
3	CASSssGQGNTEAFF
2	CASSSL[NY]RGSYEQYF
2	CASS[LG]VRGGNQPQHF
3	CASS.SSGDYNEQFF
3	CASSElAGgQETQYF
2	CASS[SY]RTSGNYEQYF
2	CASSIK[AG]GLYNEQFF
2	CASSL[LG]GQGRETQYF
2	CASSFGG[AL]SGNTIYF
2	CASSLDR[NT]SNQPQHF
2	CASSP[AW]GGSNQPQHF
2	CASS[FS]GTGVVQPQHF
2	CASSPS[LG]LAKNIQYF
2	CASSL[VE]LAGLNEQFF
3	CASSQdqGGNYGYTF
2	CASSVG[AT]GGIYEQYF
2	CASSQDR[AP]SYNEQFF
2	CSARDPRL[SG]YNEQFF
3	CASSyGTGdGYGYTF
2	CASSLGGV[VL]SYEQYF
2	CASS[LQ]GTGANYGYTF
2	CASSQE[GT]GANTEAFF
2	CASTLAGG[LT]YNEQFF
2	CASSIWG[PE]SYNEQFF
2	CASSIRQGA[RM]NTEAFF
2	CASSPGQG[AS]LNTEAFF
3	CASSyGLAGInEQFF
2	CASSVG[AK]GTNTEAFF
2	CASS[PL]SSGGYYEQYF
2	CASSIGASGG[GN]EQFF
2	CASSSGQG[LW]DYGYTF
2	CASS[EL]GTGGYTEAFF
2	CASSEVVG[QS]GYGYTF
4	CASSPGTGGAETQYF
2	CASSP[AP]GPRTYEQYF
2	CAS[ST]LAGGQVDTQYF
2	CASS[PH]GWGGTDTQYF
2	CAS[PT]GGGSSYNEQFF
2	CASSLVQGL[RG]NEQFF
3	CASSQGsdSNQPQHF
2	CASSDSAGG[LR]NEQFF
2	CASSL[RY]PGSNQPQHF
2	CASRSGQ[AS]SYNEQFF
3	CASSLgGFgTDTQYF
2	CASS[LT]WDREADTQYF
4	CASSLVGVGNTEAFF
2	CASS[PF]RGGPDNEQFF
2	CASSFRQ[GT]SYNEQFF
2	CASSQE[ET]GLLNTEAFF
2	CASSYSRTG[DN]TEAFF
2	CASSLSKG[VW]NTEAFF
2	CASSLSSSS[GT]DTQYF
2	CASSQ[GY]SGPSYEQYF
2	CASSQERAG[HY]NEQFF
2	CASSPSG[QT]GQETQYF
2	CASSLSL[NT]SGNTIYF
2	CASS[AP]TSGRGETQYF
2	CASS[AW]VDRGTDTQYF
2	CASS[QH]RTGAEDTQYF
2	CASSLG[RK]DRVYGYTF
2	CASSQE[ET]GSYNEQFF
2	CASSSL[AR]GGRETQYF
2	CASS[PY]TWGSNQPQHF
2	CASSSG[RW]ASTDTQYF
2	CSARDEVRA[ID]YGYTF
2	CASSEV[AG]GGNTGELFF
2	CASS[WE]GQGSPYEQYF
2	CASSLA[QT]GEVYGYTF
3	CASSlWGEgNQPQHF
3	CASSLfAGnNQPQHF
2	CASSLSQG[WD]NSPLHF
2	CASSL[RN]AGRDTEAFF
2	CASSLTSG[RK]LNEQFF
2	CASSLSRQG[AL]QPQHF
2	CASSYS[RS]GGGTEAFF
2	CASS[PQ]GQGAGYGYTF
2	CASS[PQ]DWTANNEQFF
3	CASSlTSGGArEQFF
2	CASRETSGR[AT]TGELFF
3	CASSLAGggQETQYF
2	CASR[AT]SGGSYNEQFF
2	CASSLTGLAG[DN]EQFF
2	CASSQDWLAG[NY]EQYF
2	CASS[IK]GISGANVLTF
2	CASSGG[LT]VSYNEQFF
2	CASSQDRGG[AG]DGYTF
2	CASSL[ES]PGGFYGYTF
2	CASS[WE]GLAGVSGELFF
2	CASSV[AE]GTGNTEAFF
2	CSARDP[PS]RGRYGYTF
2	CASSVTGTG[VG]YEQYF
2	CASS[LS]LLGSYNEQFF
2	CASSEYTG[RN]FYEQYF
2	CATSR[DG]GQGNQPQHF
2	CASS[YT]GTGVNSPLHF
2	CASSLASGG[VF]ETQYF
2	CASS[FG]GTSGDNEQFF
3	CASSPgTgSNQPQHF
2	CASSP[AR]GTGLYEQYF
2	CASSVGDRGRD[ST]EAFF
2	CASS[FQ]VLAGLDEQFF
2	CASSIGKG[YF]TETQYF
2	CASS[PS]GSYGANVLTF
2	CASS[LF]GDRAYNEQFF
3	CASSllGQGGTEAFF
2	CASSE[DS]GGGADTQYF
2	CATSRD[ST]SGANVLTF
2	CASSF[AF]DGLNQPQHF
2	CASSP[WM]TGTSYEQYF
2	CASSEGLG[QG]QETQYF
2	CASS[MY]TESGANVLTF
2	CASS[HG]RTSGGYEQYF
2	CASSLRQGV[DT]TGELFF
2	CAS[EM]TSGGAGDTQYF
2	CASSL[SG]QGLSYEQYF
2	CASSPTGGEGD[IT]QYF
2	CASSE[RS]QGAGETQYF
2	CASSYSQG[SN]GNTIYF
2	CASSP[WE]RGGTDTQYF
2	CASS[IS]GTSGNTGELFF
2	CATS[RE]DRAGANVLTF
2	CASSLSGR[VS]TYEQYF
2	CASSPPSG[ET]YNEQFF
2	CASSPQGQ[IG]TDTQYF
2	CASGLGLAG[RE]ETQYF
2	CASSPGQGA[IL]YEQYF
2	CASSFG[VL]ADYNEQFF
2	CASS[FQ]GTGGRNTEAFF
2	CASS[EF]SSGTYNEQFF
2	CASSV[AR]ETSTDTQYF
2	CASRGTG[EG]FYNEQFF
2	CASSPR[LT]VAKNIQYF
2	CASSFRQG[VT]NTGELFF
2	CASSLA[GK]RSTDTQYF
2	CASSLG[QT]GGVGEQYF
2	CASS[LR]LGLNTDTQYF
