# description	TCRex prediction for epitope(s) WICLLQFAY, HLVDFQVTI, RLRPGGKKK, IVTDFSVIK, TLDSKTQSL, FLKEKGGL, SEPVLKGVKL, NLNESLIDL, LLWNGPMAV, TPINLVRDL, HPVGEADYFEY, PKYVKQNTLKLAT, KEIDRLNEV, FVDGVPFVV, RYPLTFGWCF, GLCTLVAML, SSNVANYQK, YLNTLTLAV, FTISVTTEIL, ATDALMTGY, TPGPGVRYPL, IIKDYGKQM, GTSGSPIINR, KLPDDFTGCV, SFHSLHLLF, LEPLVDLPI, SEVGPEHSLAEY, ITEEVGHTDLMAAY, KAYNVTQAF, TPQDLNTML, GILGFVFTL, KLWAQCVQL, FRDYVDRFYKTLRAEQASQE, VTEHDTLLY, ELAGIGILTV, KAFSPEVIPMF, RAKFKQLL, IPSINVHHY, LLFNKVTLA, FLYNLLTRV, NLDSKVGGNY, FLNRFTTTL, ARMILMTHF, QYDPVAALF, MPASWVMRI, NLVPMVATV, LPRRSGAAGA, EIYKRWII, SEISMDNSPNL, YSEHPTFTSQY, QECVRGTTVL, KLVALGINAV, ILGLPTQTV, EILDITPCSF, HSKKKCDEL, KRWIILGLNK, LPPIVAKEI, TLVPQEHYV, LPPAYTNSF, RQLLFVVEV, FLPRVFSAV, YFPLQSYGF, FPPTSFGPL, TLIGDCATV, EPLPQGQLTAY, AMFWSVPTV, YLQPRTFLL, CINGVCWTV, NQKLIANQF, HTTDPSFLGRY, IPIQASLPF, FLNGSCGSV, LLLGIGILV, RFYKTLRAEQASQ, VLWAHGFEL, RPRGEVRFL, IVDTVSALV, EAAGIGILTV, HPKVSSEVHI, GTSGSPIIDK, TPRVTGGGAM, YVLDHLIVV, QIKVRVKMV, ALSKGVHFV, KLSYGIATV, QVPLRPMTYK, KRWIIMGLNK, ILHCANFNV, ISPRTLNAW, GTSGSPIVNR, YLDAYNMMI, KTSVDCTMYI, IQYIDIGNY, KPLEFGATSAAL, FPRPWLHGL, FADDLNQLTGY
# input files	5_cd8_2_S48.txt
# version	2020-07-08
# IMGT parsing	Yes
# submission time	2020-12-17 22:12:51
# BPR threshold	0.0001
TRBV_gene	CDR3_beta	TRBJ_gene	epitope	pathology	score	bpr
TRBV29-01	CSVEGLSGSSYNEQFF	TRBJ02-01	TPINLVRDL	SARS-CoV-2	1.0	0.0
TRBV09	CASSVGGEQFF	TRBJ02-01	RQLLFVVEV	SARS-CoV-2	1.0	0.0
TRBV27	CASSFGYEQYF	TRBJ02-07	FLNGSCGSV	SARS-CoV-2	1.0	0.0
TRBV29-01	CSVEGAEGSSYNEQFF	TRBJ02-01	TPINLVRDL	SARS-CoV-2	0.98	0.0
TRBV20-01	CSARLDYEQYF	TRBJ02-07	EIYKRWII	HIV	0.97	0.0
TRBV09	CASSPGQGAYEQYF	TRBJ02-07	NLNESLIDL	SARS-CoV-2	0.95	0.0
TRBV20-01	CSARDSYEQYF	TRBJ02-07	EIYKRWII	HIV	0.95	0.0
TRBV12-03	CASSFFPGELFF	TRBJ02-02	YFPLQSYGF	SARS-CoV-2	0.94	0.0
TRBV05-06	CASSLGNEQFF	TRBJ02-01	YLNTLTLAV	SARS-CoV-2	0.93	0.0
TRBV07-09	CASSPDSSYEQYF	TRBJ02-07	EILDITPCSF	SARS-CoV-2	0.92	0.0
TRBV28	CASSVGTGSYEQYF	TRBJ02-07	NLNESLIDL	SARS-CoV-2	0.91	0.0
TRBV09	CASSLNTGELFF	TRBJ02-02	ILHCANFNV	SARS-CoV-2	0.9	0.0
TRBV25-01	CASSWGGYEQYF	TRBJ02-07	KLVALGINAV	HCV	0.89	0.0
TRBV12-03	CASSPGAYEQYF	TRBJ02-07	ILHCANFNV	SARS-CoV-2	0.89	0.0
TRBV05-06	CASSLGNEQFF	TRBJ02-01	NLVPMVATV	CMV	0.87	0.0
TRBV25-01	CASSESYGYTF	TRBJ01-02	KLVALGINAV	HCV	0.87	0.0
TRBV27	CASRGDSSYEQYF	TRBJ02-07	EILDITPCSF	SARS-CoV-2	0.87	0.0
TRBV19	CASSPGGYEQYF	TRBJ02-07	ILHCANFNV	SARS-CoV-2	0.87	0.0
TRBV09	CASSVNTGELFF	TRBJ02-02	ILHCANFNV	SARS-CoV-2	0.87	0.0
TRBV06-05	CASSYSGELFF	TRBJ02-02	KLVALGINAV	HCV	0.86	0.0
TRBV19	CASSYGGYEQYF	TRBJ02-07	ILHCANFNV	SARS-CoV-2	0.86	0.0
TRBV25-01	CASSSTGELFF	TRBJ02-02	KLVALGINAV	HCV	0.85	0.0
TRBV19	CASSYGGYEQYF	TRBJ02-07	KLVALGINAV	HCV	0.85	0.0
TRBV12-03	CASSFSGGEQYF	TRBJ02-07	ILHCANFNV	SARS-CoV-2	0.85	0.0
TRBV12-03	CASSFSGLEAFF	TRBJ01-01	TPQDLNTML	HIV	0.84	0.0
TRBV10-03	CAISGTERTDTQYF	TRBJ02-03	HSKKKCDEL	HCV	0.83	0.0
TRBV12-03	CASSTGTGEQYF	TRBJ02-07	NLVPMVATV	CMV	0.81	0.0
TRBV12-03	CASSLGMNTEAFF	TRBJ01-01	TPQDLNTML	HIV	0.79	0.0
TRBV07-03	CASSLAGAGNEQFF	TRBJ02-01	VTEHDTLLY	CMV	0.79	0.0
TRBV12-03	CASSFSFPTEAFF	TRBJ01-01	TPQDLNTML	HIV	0.78	0.0
TRBV10-03	CAISDGTSGRNEQFF	TRBJ02-01	HSKKKCDEL	HCV	0.77	0.0
TRBV12-03	CASSSGQPEAFF	TRBJ01-01	TPQDLNTML	HIV	0.76	0.0
TRBV12-03	CASSLGGELFF	TRBJ02-02	TPQDLNTML	HIV	0.75	0.0
TRBV27	CASSLYEQYF	TRBJ02-07	ISPRTLNAW	HIV	0.74	0.0
TRBV09	CASSVSGGSTDTQYF	TRBJ02-03	TLIGDCATV	SARS-CoV-2	0.73	0.0
TRBV12-03	CASSLAGVYEQYF	TRBJ02-07	IVDTVSALV	SARS-CoV-2	0.72	0.0
TRBV12-03	CASSLARTEAFF	TRBJ01-01	TPQDLNTML	HIV	0.7	0.0
TRBV27	CASSLGAYNEQFF	TRBJ02-01	IVDTVSALV	SARS-CoV-2	0.7	0.0
TRBV02	CASSTYEQYF	TRBJ02-07	ISPRTLNAW	HIV	0.7	0.0
TRBV12-03	CASSLGEKLFF	TRBJ01-04	TPQDLNTML	HIV	0.69	0.0
TRBV12-03	CASSFGGSEKFF	TRBJ02-01	TPQDLNTML	HIV	0.68	0.0
TRBV12-03	CASSLGTIEQFF	TRBJ02-01	TPQDLNTML	HIV	0.67	0.0
TRBV25-01	CASGTYEQYF	TRBJ02-07	ISPRTLNAW	HIV	0.67	0.0
TRBV25-01	CASSGYEQYF	TRBJ02-07	ISPRTLNAW	HIV	0.64	0.0
TRBV12-03	CASSFSDRGEAFF	TRBJ01-01	TPQDLNTML	HIV	0.62	0.0
TRBV05-04	CASSGGLAGTDTQYF	TRBJ02-03	MPASWVMRI	SARS-CoV-2	0.99	1e-05
TRBV12-03	CASSPGAYEQYF	TRBJ02-07	GTSGSPIVNR	DENV1	0.94	1e-05
TRBV27	CASSLGVNTEAFF	TRBJ01-01	HLVDFQVTI	SARS-CoV-2	0.92	1e-05
TRBV09	CASSVAGNEQFF	TRBJ02-01	FVDGVPFVV	SARS-CoV-2	0.91	1e-05
TRBV29-01	CSVEGRPEGSYNEQFF	TRBJ02-01	TPINLVRDL	SARS-CoV-2	0.89	1e-05
TRBV09	CASSVNTGELFF	TRBJ02-02	HPVGEADYFEY	EBV	0.89	1e-05
TRBV11-02	CASSLGQAYEQYF	TRBJ02-07	GTSGSPIINR	DENV3/4	0.89	1e-05
TRBV11-02	CASSFGGAGYEQYF	TRBJ02-07	GTSGSPIVNR	DENV1	0.89	1e-05
TRBV12-03	CASSLGMNTEAFF	TRBJ01-01	HLVDFQVTI	SARS-CoV-2	0.87	1e-05
TRBV29-01	CSVKGASGSSYNEQFF	TRBJ02-01	TPINLVRDL	SARS-CoV-2	0.87	1e-05
TRBV09	CASSQNTGELFF	TRBJ02-02	HPVGEADYFEY	EBV	0.87	1e-05
TRBV27	CASSWGMNTEAFF	TRBJ01-01	HLVDFQVTI	SARS-CoV-2	0.86	1e-05
TRBV19	CASRTGTSNTGELFF	TRBJ02-02	ATDALMTGY	HCV	0.85	1e-05
TRBV13	CASSLSTDTQYF	TRBJ02-03	FLPRVFSAV	SARS-CoV-2	0.85	1e-05
TRBV27	CASSWGSNQPQHF	TRBJ01-05	HLVDFQVTI	SARS-CoV-2	0.83	1e-05
TRBV28	CASSLGTGYEQYF	TRBJ02-07	YLNTLTLAV	SARS-CoV-2	0.83	1e-05
TRBV11-02	CASSLGTYEQYF	TRBJ02-07	ILHCANFNV	SARS-CoV-2	0.83	1e-05
TRBV28	CASSPGGYEQYF	TRBJ02-07	ILHCANFNV	SARS-CoV-2	0.83	1e-05
TRBV11-02	CASSLETQYF	TRBJ02-05	NLVPMVATV	CMV	0.79	1e-05
TRBV19	CASRGGQGAYEQYF	TRBJ02-07	KRWIIMGLNK	HIV	0.77	1e-05
TRBV27	CASRLGTGFYEQYF	TRBJ02-07	KRWIIMGLNK	HIV	0.74	1e-05
TRBV27	CASSLGTSSYEQYF	TRBJ02-07	KRWIIMGLNK	HIV	0.69	1e-05
TRBV12-03	CASSFFPGELFF	TRBJ02-02	TPQDLNTML	HIV	0.61	1e-05
TRBV12-03	CASRGDTEAFF	TRBJ01-01	TPQDLNTML	HIV	0.59	1e-05
TRBV12-03	CASSLLIDEQFF	TRBJ02-01	TPQDLNTML	HIV	0.59	1e-05
TRBV12-03	CASPGGGTEAFF	TRBJ01-01	TPQDLNTML	HIV	0.58	1e-05
TRBV12-03	CASSFSYNEQFF	TRBJ02-01	TPQDLNTML	HIV	0.58	1e-05
TRBV12-03	CASSFIAHEQFF	TRBJ02-01	TPQDLNTML	HIV	0.58	1e-05
TRBV12-03	CASSWSSGNEQFF	TRBJ02-01	TPQDLNTML	HIV	0.56	1e-05
TRBV19	CATSGGNYGYTF	TRBJ01-02	KAFSPEVIPMF	HIV	0.97	2e-05
TRBV27	CASSSSYEQYF	TRBJ02-07	FLNGSCGSV	SARS-CoV-2	0.97	2e-05
TRBV27	CASSLSSSSYEQYF	TRBJ02-07	FPPTSFGPL	SARS-CoV-2	0.96	2e-05
TRBV02	CASSEGASGVYEQYF	TRBJ02-07	FRDYVDRFYKTLRAEQASQE	HIV	0.92	2e-05
TRBV12-03	CASSSGTGEQYF	TRBJ02-07	GTSGSPIVNR	DENV1	0.86	2e-05
TRBV12-03	CASSLGTIEQFF	TRBJ02-01	GTSGSPIVNR	DENV1	0.85	2e-05
TRBV09	CASSPSTGELFF	TRBJ02-02	HPVGEADYFEY	EBV	0.84	2e-05
TRBV02	CASSYTGELFF	TRBJ02-02	KLVALGINAV	HCV	0.83	2e-05
TRBV27	CASSYTGELFF	TRBJ02-02	KLVALGINAV	HCV	0.83	2e-05
TRBV05-01	CASSLGQGAYEQYF	TRBJ02-07	NLNESLIDL	SARS-CoV-2	0.81	2e-05
TRBV27	CASSPRGRWDEQFF	TRBJ02-01	TPGPGVRYPL	HIV	0.8	2e-05
TRBV12-03	CASSFGNTYEQYF	TRBJ02-07	ELAGIGILTV	Melanoma	0.8	2e-05
TRBV12-03	CASSSGTGEQYF	TRBJ02-07	ELAGIGILTV	Melanoma	0.8	2e-05
TRBV12-03	CASSTGTGEQYF	TRBJ02-07	ELAGIGILTV	Melanoma	0.8	2e-05
TRBV27	CASSPSGANVLTF	TRBJ02-06	RAKFKQLL	EBV	0.8	2e-05
TRBV07-08	CASSFGYEQYF	TRBJ02-07	KAYNVTQAF	SARS-CoV-2	0.79	2e-05
TRBV12-03	CASSPGAYEQYF	TRBJ02-07	NLVPMVATV	CMV	0.78	2e-05
TRBV20-01	CSAREGYEQYF	TRBJ02-07	EIYKRWII	HIV	0.78	2e-05
TRBV27	CASSFSGGYEQYF	TRBJ02-07	AMFWSVPTV	Melanoma	0.78	2e-05
TRBV19	CASSIFLGYEQYF	TRBJ02-07	AMFWSVPTV	Melanoma	0.78	2e-05
TRBV27	CASSLTSGSVSYEQYF	TRBJ02-07	SEVGPEHSLAEY	SARS-CoV-2	0.73	2e-05
TRBV27	CASSFQGSYEQYF	TRBJ02-07	TLIGDCATV	SARS-CoV-2	0.65	2e-05
TRBV12-03	CASSFSYNEQFF	TRBJ02-01	TLIGDCATV	SARS-CoV-2	0.64	2e-05
TRBV02	CASSSTYEQYF	TRBJ02-07	FLNGSCGSV	SARS-CoV-2	0.95	3e-05
TRBV09	CASSVSGELFF	TRBJ02-02	RQLLFVVEV	SARS-CoV-2	0.92	3e-05
TRBV11-02	CASSFGGAGYEQYF	TRBJ02-07	GTSGSPIINR	DENV3/4	0.86	3e-05
TRBV09	CASSLNTGELFF	TRBJ02-02	HPVGEADYFEY	EBV	0.83	3e-05
TRBV09	CASSLGATQYF	TRBJ02-03	RQLLFVVEV	SARS-CoV-2	0.81	3e-05
TRBV18	CASSPGYEQYF	TRBJ02-07	RQLLFVVEV	SARS-CoV-2	0.81	3e-05
TRBV07-03	CASSLGWNTEAFF	TRBJ01-01	HLVDFQVTI	SARS-CoV-2	0.8	3e-05
TRBV12-03	CASSLGTIEQFF	TRBJ02-01	ILHCANFNV	SARS-CoV-2	0.79	3e-05
TRBV09	CASSQNTGELFF	TRBJ02-02	KLWAQCVQL	SARS-CoV-2	0.75	3e-05
TRBV07-03	CASSLGLAGEETQYF	TRBJ02-05	KLWAQCVQL	SARS-CoV-2	0.74	3e-05
TRBV07-02	CASSLGGETQYF	TRBJ02-05	KAYNVTQAF	SARS-CoV-2	0.73	3e-05
TRBV29-01	CSSGTGDNEQFF	TRBJ02-01	RAKFKQLL	EBV	0.71	3e-05
TRBV07-09	CASSFTGETQYF	TRBJ02-05	LLFNKVTLA	SARS-CoV-2	0.7	3e-05
TRBV27	CASSLGGSSYEQYF	TRBJ02-07	TPRVTGGGAM	CMV	0.7	3e-05
TRBV19	CASSILLAGPYNEQFF	TRBJ02-01	YFPLQSYGF	SARS-CoV-2	0.69	3e-05
TRBV04-02	CASSQGSGGDEQFF	TRBJ02-01	VTEHDTLLY	CMV	0.66	3e-05
TRBV07-09	CASSLPASYEQYF	TRBJ02-07	VTEHDTLLY	CMV	0.66	3e-05
TRBV19	CASSIRSNTEAFF	TRBJ01-01	GILGFVFTL	Influenza	1.0	4e-05
TRBV27	CASSLSTYNEQFF	TRBJ02-01	FPPTSFGPL	SARS-CoV-2	0.93	4e-05
TRBV02	CASSEGASGIYEQYF	TRBJ02-07	FRDYVDRFYKTLRAEQASQE	HIV	0.89	4e-05
TRBV27	CASSFPGLAGEQFF	TRBJ02-01	KPLEFGATSAAL	SARS-CoV-2	0.88	4e-05
TRBV11-02	CASSLGTYEQYF	TRBJ02-07	GTSGSPIINR	DENV3/4	0.85	4e-05
TRBV27	CASSPNTGELFF	TRBJ02-02	KRWIILGLNK	HIV	0.82	4e-05
TRBV04-02	CASSPTSGSTDTQYF	TRBJ02-03	FLPRVFSAV	SARS-CoV-2	0.8	4e-05
TRBV28	CASSGQTYEQYF	TRBJ02-07	NLNESLIDL	SARS-CoV-2	0.78	4e-05
TRBV12-03	CASSFGGSEKFF	TRBJ02-01	ILHCANFNV	SARS-CoV-2	0.78	4e-05
TRBV12-03	CASSLVGSYNEQFF	TRBJ02-01	NLVPMVATV	CMV	0.75	4e-05
TRBV12-03	CASSLTSSTGELFF	TRBJ02-02	NLVPMVATV	CMV	0.75	4e-05
TRBV12-03	CASSLGRGIYEQYF	TRBJ02-07	NLVPMVATV	CMV	0.75	4e-05
TRBV12-03	CASSPGQLYGYTF	TRBJ01-02	NLVPMVATV	CMV	0.75	4e-05
TRBV12-03	CASSFSGSSYEQYF	TRBJ02-07	NLVPMVATV	CMV	0.74	4e-05
TRBV12-03	CASSWSSGNEQFF	TRBJ02-01	NLVPMVATV	CMV	0.74	4e-05
TRBV20-01	CSARRLAGGSYNEQFF	TRBJ02-01	NLVPMVATV	CMV	0.74	4e-05
TRBV12-03	CASSVELATYEQYF	TRBJ02-07	NLVPMVATV	CMV	0.74	4e-05
TRBV28	CASSPGGYEQYF	TRBJ02-07	KAYNVTQAF	SARS-CoV-2	0.71	4e-05
TRBV02	CASSYTGELFF	TRBJ02-02	KAYNVTQAF	SARS-CoV-2	0.7	4e-05
TRBV25-01	CASSELYEQYF	TRBJ02-07	ALSKGVHFV	SARS-CoV-2	0.7	4e-05
TRBV07-09	CASSLAGGVNEQFF	TRBJ02-01	SEISMDNSPNL	SARS-CoV-2	0.68	4e-05
TRBV27	CASSLGGIGEQFF	TRBJ02-01	IVDTVSALV	SARS-CoV-2	0.67	4e-05
TRBV09	CASSGNEQFF	TRBJ02-01	GTSGSPIIDK	DENV2	0.67	4e-05
TRBV27	CASSFSGGYEQYF	TRBJ02-07	FTISVTTEIL	SARS-CoV-2	0.63	4e-05
TRBV12-03	CASSLETHEQYF	TRBJ02-07	TLIGDCATV	SARS-CoV-2	0.62	4e-05
TRBV12-03	CASRSLGAEQYF	TRBJ02-07	TLIGDCATV	SARS-CoV-2	0.61	4e-05
TRBV06-05	CASSLGAGELFF	TRBJ02-02	TLIGDCATV	SARS-CoV-2	0.61	4e-05
TRBV12-03	CASSITNVLTF	TRBJ02-06	TPQDLNTML	HIV	0.55	4e-05
TRBV12-03	CASSFFPQTYTF	TRBJ01-02	TPQDLNTML	HIV	0.55	4e-05
TRBV07-08	CASSFGYEQYF	TRBJ02-07	FLNGSCGSV	SARS-CoV-2	0.94	5e-05
TRBV12-03	CASSFSGLEAFF	TRBJ01-01	FLNGSCGSV	SARS-CoV-2	0.93	5e-05
TRBV25-01	CASSWGGYEQYF	TRBJ02-07	FLNGSCGSV	SARS-CoV-2	0.92	5e-05
TRBV27	CASSLGQGYEQYF	TRBJ02-07	FLNGSCGSV	SARS-CoV-2	0.91	5e-05
TRBV02	CASGGSYEQYF	TRBJ02-07	FLNGSCGSV	SARS-CoV-2	0.91	5e-05
TRBV29-01	CSVTGLAGEPYNEQFF	TRBJ02-01	TPINLVRDL	SARS-CoV-2	0.82	5e-05
TRBV07-09	CASSLGTGGTEAFF	TRBJ01-01	KTSVDCTMYI	SARS-CoV-2	0.82	5e-05
TRBV25-01	CASIGGGTQYF	TRBJ02-03	KLVALGINAV	HCV	0.81	5e-05
TRBV04-01	CASSQRTGELFF	TRBJ02-02	HPVGEADYFEY	EBV	0.79	5e-05
TRBV27	CASSLSGDYGYTF	TRBJ01-02	GLCTLVAML	EBV	0.79	5e-05
TRBV19	CASSMGSNTEAFF	TRBJ01-01	HLVDFQVTI	SARS-CoV-2	0.77	5e-05
TRBV27	CASSLGANQPQHF	TRBJ01-05	HLVDFQVTI	SARS-CoV-2	0.77	5e-05
TRBV25-01	CASSVGVGQPQHF	TRBJ01-05	LLLGIGILV	Multiple Myeloma	0.76	5e-05
TRBV12-03	CASSFSYNEQFF	TRBJ02-01	ELAGIGILTV	Melanoma	0.73	5e-05
TRBV12-03	CASSLSSATGELFF	TRBJ02-02	NLVPMVATV	CMV	0.73	5e-05
TRBV12-03	CASSLAGASYEQYF	TRBJ02-07	NLVPMVATV	CMV	0.73	5e-05
TRBV12-03	CASSLETHEQYF	TRBJ02-07	NLVPMVATV	CMV	0.73	5e-05
TRBV12-03	CASSLGGVNTEAFF	TRBJ01-01	NLVPMVATV	CMV	0.73	5e-05
TRBV05-01	CASSLGNEQFF	TRBJ02-01	NLVPMVATV	CMV	0.73	5e-05
TRBV12-03	CASSGSFHYGYTF	TRBJ01-02	NLVPMVATV	CMV	0.72	5e-05
TRBV12-03	CASSLGGELFF	TRBJ02-02	NLVPMVATV	CMV	0.72	5e-05
TRBV12-03	CASSSGTGEQYF	TRBJ02-07	NLVPMVATV	CMV	0.72	5e-05
TRBV12-03	CASSFSGRSYEQYF	TRBJ02-07	NLVPMVATV	CMV	0.72	5e-05
TRBV27	CASSVGGTEAFF	TRBJ01-01	NLVPMVATV	CMV	0.71	5e-05
TRBV12-03	CASSPGALDEQYF	TRBJ02-07	NLVPMVATV	CMV	0.71	5e-05
TRBV12-03	CASSPWGGNTEAFF	TRBJ01-01	NLVPMVATV	CMV	0.71	5e-05
TRBV07-03	CASSLSGELFF	TRBJ02-02	NLVPMVATV	CMV	0.71	5e-05
TRBV12-03	CASSLAGTGGELFF	TRBJ02-02	NLVPMVATV	CMV	0.71	5e-05
TRBV12-03	CASSFFGSPNEQFF	TRBJ02-01	NLVPMVATV	CMV	0.7	5e-05
TRBV12-03	CASSLAGDTDTQYF	TRBJ02-03	NLVPMVATV	CMV	0.7	5e-05
TRBV12-03	CASSLGMNTEAFF	TRBJ01-01	NLVPMVATV	CMV	0.7	5e-05
TRBV12-03	CASSFLGSNQPQHF	TRBJ01-05	NLVPMVATV	CMV	0.7	5e-05
TRBV09	CASSPGTSAQETQYF	TRBJ02-05	YLDAYNMMI	SARS-CoV-2	0.7	5e-05
TRBV25-01	CASGTYEQYF	TRBJ02-07	ALSKGVHFV	SARS-CoV-2	0.69	5e-05
TRBV20-01	CSASVANYNEQFF	TRBJ02-01	YVLDHLIVV	EBV	0.57	5e-05
TRBV09	CASTGLLGGTEAFF	TRBJ01-01	YVLDHLIVV	EBV	0.56	5e-05
TRBV27	CASSLGTSSYEQYF	TRBJ02-07	FPPTSFGPL	SARS-CoV-2	0.91	6e-05
TRBV27	CASSLSAGTYEQYF	TRBJ02-07	FPPTSFGPL	SARS-CoV-2	0.91	6e-05
TRBV27	CASSFAGTNTEAFF	TRBJ01-01	FPPTSFGPL	SARS-CoV-2	0.91	6e-05
TRBV07-03	CASSPTGGTTDTQYF	TRBJ02-03	FLNGSCGSV	SARS-CoV-2	0.89	6e-05
TRBV24-01	CATSDGYEQYF	TRBJ02-07	FLNGSCGSV	SARS-CoV-2	0.89	6e-05
TRBV02	CASSEGASGVYEQYF	TRBJ02-07	RFYKTLRAEQASQ	HIV	0.89	6e-05
TRBV13	CASSPGLAGGDEQYF	TRBJ02-07	MPASWVMRI	SARS-CoV-2	0.85	6e-05
TRBV07-08	CASSLFTDTQYF	TRBJ02-03	LPRRSGAAGA	Influenza	0.85	6e-05
TRBV27	CASSSGSNQPQHF	TRBJ01-05	HLVDFQVTI	SARS-CoV-2	0.76	6e-05
TRBV07-09	CASSFSGYEQYF	TRBJ02-07	ILHCANFNV	SARS-CoV-2	0.76	6e-05
TRBV29-01	CSVTSGASYEQYF	TRBJ02-07	YSEHPTFTSQY	CMV	0.73	6e-05
TRBV12-03	CASSLVGSYNEQFF	TRBJ02-01	ELAGIGILTV	Melanoma	0.72	6e-05
TRBV12-03	CASSPGAYEQYF	TRBJ02-07	ELAGIGILTV	Melanoma	0.71	6e-05
TRBV07-09	CASSPDRGSDYTF	TRBJ01-02	SFHSLHLLF	HTLV1	0.7	6e-05
TRBV12-03	CASSFSGGEQYF	TRBJ02-07	ELAGIGILTV	Melanoma	0.7	6e-05
TRBV29-01	CSVGSGENTEAFF	TRBJ01-01	RAKFKQLL	EBV	0.69	6e-05
TRBV27	CASSLGKSSYEQYF	TRBJ02-07	TPRVTGGGAM	CMV	0.67	6e-05
TRBV27	CASSLGTSSYEQYF	TRBJ02-07	TPRVTGGGAM	CMV	0.67	6e-05
TRBV04-03	CASSQELAGGDYEQYF	TRBJ02-07	CINGVCWTV	HCV	0.66	6e-05
TRBV07-02	CASSLVGNEQFF	TRBJ02-01	YLDAYNMMI	SARS-CoV-2	0.66	6e-05
TRBV07-03	CASSPAGTGELFF	TRBJ02-02	TLIGDCATV	SARS-CoV-2	0.6	6e-05
TRBV11-02	CASSLGISYEQYF	TRBJ02-07	TLIGDCATV	SARS-CoV-2	0.6	6e-05
TRBV12-03	CASSLAQVYEQYF	TRBJ02-07	TLIGDCATV	SARS-CoV-2	0.6	6e-05
TRBV05-04	CASSLGILSTDTQYF	TRBJ02-03	FADDLNQLTGY	SARS-CoV-2	0.59	6e-05
TRBV04-01	CASSQEGRGVNEQFF	TRBJ02-01	FADDLNQLTGY	SARS-CoV-2	0.59	6e-05
TRBV25-01	CATQTENTGELFF	TRBJ02-02	YLQPRTFLL	SARS-CoV-2	0.99	7e-05
TRBV27	CASSLSGPSYNEQFF	TRBJ02-01	HTTDPSFLGRY	SARS-CoV-2	0.98	7e-05
TRBV29-01	CSVEGQGAYEQYF	TRBJ02-07	HTTDPSFLGRY	SARS-CoV-2	0.98	7e-05
TRBV27	CASSPDSSYNEQFF	TRBJ02-01	HTTDPSFLGRY	SARS-CoV-2	0.98	7e-05
TRBV06-06	CAGSGGSYGYTF	TRBJ01-02	KAFSPEVIPMF	HIV	0.93	7e-05
TRBV28	CASSSGTGYQPQHF	TRBJ01-05	WICLLQFAY	SARS-CoV-2	0.86	7e-05
TRBV02	CASSEGASGIYEQYF	TRBJ02-07	RFYKTLRAEQASQ	HIV	0.86	7e-05
TRBV02	CASSEGASGAYEQYF	TRBJ02-07	RFYKTLRAEQASQ	HIV	0.84	7e-05
TRBV07-08	CASSLYSYNEQFF	TRBJ02-01	LPRRSGAAGA	Influenza	0.83	7e-05
TRBV02	CASSEGTSGIYEQYF	TRBJ02-07	RFYKTLRAEQASQ	HIV	0.83	7e-05
TRBV28	CASSSGTGYQPQHF	TRBJ01-05	FLYNLLTRV	Melanoma	0.75	7e-05
TRBV25-01	CASSWGGYEQYF	TRBJ02-07	ILHCANFNV	SARS-CoV-2	0.75	7e-05
TRBV09	CASSQNTGELFF	TRBJ02-02	ILHCANFNV	SARS-CoV-2	0.75	7e-05
TRBV12-03	CASSFSGLEAFF	TRBJ01-01	ILHCANFNV	SARS-CoV-2	0.74	7e-05
TRBV09	CASSPSTGELFF	TRBJ02-02	KRWIILGLNK	HIV	0.7	7e-05
TRBV27	CASMDGDSNQPQHF	TRBJ01-05	EPLPQGQLTAY	EBV	0.7	7e-05
TRBV27	CASSLYPTMSSYEQYF	TRBJ02-07	SEVGPEHSLAEY	SARS-CoV-2	0.69	7e-05
TRBV12-03	CASSFFGSPNEQFF	TRBJ02-01	ELAGIGILTV	Melanoma	0.69	7e-05
TRBV12-03	CASSFSGSSYEQYF	TRBJ02-07	ELAGIGILTV	Melanoma	0.69	7e-05
TRBV12-03	CASSWSSGNEQFF	TRBJ02-01	ELAGIGILTV	Melanoma	0.69	7e-05
TRBV12-03	CASSRLAGTDTQYF	TRBJ02-03	ELAGIGILTV	Melanoma	0.69	7e-05
TRBV12-03	CASSLLGTAYNEQFF	TRBJ02-01	NLVPMVATV	CMV	0.69	7e-05
TRBV12-03	CASSFSGLEAFF	TRBJ01-01	NLVPMVATV	CMV	0.69	7e-05
TRBV12-03	CASSLAGVYEQYF	TRBJ02-07	NLVPMVATV	CMV	0.69	7e-05
TRBV12-03	CASSLEGGNQPQHF	TRBJ01-05	ELAGIGILTV	Melanoma	0.68	7e-05
TRBV12-03	CASSFSFPTEAFF	TRBJ01-01	ELAGIGILTV	Melanoma	0.68	7e-05
TRBV12-03	CASSFSGLEAFF	TRBJ01-01	ELAGIGILTV	Melanoma	0.68	7e-05
TRBV19	CASSMGRMNTEAFF	TRBJ01-01	ELAGIGILTV	Melanoma	0.68	7e-05
TRBV12-03	CASRSGTGYNGYTF	TRBJ01-02	ELAGIGILTV	Melanoma	0.68	7e-05
TRBV12-03	CASSLLGTAYNEQFF	TRBJ02-01	ELAGIGILTV	Melanoma	0.67	7e-05
TRBV12-03	CASSLAGDTDTQYF	TRBJ02-03	ELAGIGILTV	Melanoma	0.67	7e-05
TRBV12-03	CASSLAGASYEQYF	TRBJ02-07	ELAGIGILTV	Melanoma	0.67	7e-05
TRBV12-03	CASSQLAGGPETQYF	TRBJ02-05	ELAGIGILTV	Melanoma	0.67	7e-05
TRBV12-03	CASSLGLANNEQFF	TRBJ02-01	ELAGIGILTV	Melanoma	0.67	7e-05
TRBV11-01	CASSFGSGAYEQYF	TRBJ02-07	ARMILMTHF	HCV	0.67	7e-05
TRBV25-01	CASSVGLAGGPYEQFF	TRBJ02-01	NQKLIANQF	SARS-CoV-2	0.67	7e-05
TRBV27	CASSLPGETQYF	TRBJ02-05	SEISMDNSPNL	SARS-CoV-2	0.64	7e-05
TRBV27	CASSFGGNQPQHF	TRBJ01-05	SEISMDNSPNL	SARS-CoV-2	0.63	7e-05
TRBV02	CASSDGGGLQETQYF	TRBJ02-05	GTSGSPIIDK	DENV2	0.63	7e-05
TRBV07-02	CASSLSTDTQYF	TRBJ02-03	QYDPVAALF	CMV	0.59	7e-05
TRBV12-03	CASSFSGGEQYF	TRBJ02-07	TLIGDCATV	SARS-CoV-2	0.59	7e-05
TRBV12-03	CASGPRVNEQFF	TRBJ02-01	TLIGDCATV	SARS-CoV-2	0.59	7e-05
TRBV12-03	CASSLAGVYEQYF	TRBJ02-07	TLIGDCATV	SARS-CoV-2	0.59	7e-05
TRBV14	CASSQAYEQYF	TRBJ02-07	FLNGSCGSV	SARS-CoV-2	0.88	8e-05
TRBV27	CASSDGYEQYF	TRBJ02-07	FLNGSCGSV	SARS-CoV-2	0.87	8e-05
TRBV27	CASSSGHLNTEAFF	TRBJ01-01	WICLLQFAY	SARS-CoV-2	0.84	8e-05
TRBV29-01	CSVVGGSGYEQYF	TRBJ02-07	LPRRSGAAGA	Influenza	0.82	8e-05
TRBV27	CASSPTGSYEQYF	TRBJ02-07	EILDITPCSF	SARS-CoV-2	0.82	8e-05
TRBV27	CASSRGGLGQPQHF	TRBJ01-05	EAAGIGILTV	Melanoma	0.81	8e-05
TRBV11-02	CASSLGTYEQYF	TRBJ02-07	GTSGSPIVNR	DENV1	0.8	8e-05
TRBV27	CASSLGGNEQYF	TRBJ02-07	ILHCANFNV	SARS-CoV-2	0.73	8e-05
TRBV19	CASSEGWGSYEQYF	TRBJ02-07	RLRPGGKKK	HIV	0.68	8e-05
TRBV07-06	CASSPGTSGTGELFF	TRBJ02-02	LEPLVDLPI	SARS-CoV-2	0.68	8e-05
TRBV04-01	CASSQGPGISYEQYF	TRBJ02-07	LEPLVDLPI	SARS-CoV-2	0.68	8e-05
TRBV12-03	CASSFAGTNYGYTF	TRBJ01-02	NLVPMVATV	CMV	0.68	8e-05
TRBV12-03	CASSFVPSTDTQYF	TRBJ02-03	NLVPMVATV	CMV	0.68	8e-05
TRBV20-01	CSAPSGTSTDTQYF	TRBJ02-03	NLVPMVATV	CMV	0.68	8e-05
TRBV12-03	CASSFGTMPDEQYF	TRBJ02-07	NLVPMVATV	CMV	0.68	8e-05
TRBV07-02	CASSLDRTNEQFF	TRBJ02-01	SFHSLHLLF	HTLV1	0.67	8e-05
TRBV07-02	CASSPPRRDTQYF	TRBJ02-03	SFHSLHLLF	HTLV1	0.66	8e-05
TRBV27	CASSLGGQQYEQYF	TRBJ02-07	TPRVTGGGAM	CMV	0.65	8e-05
TRBV27	CASSLGQGGSEQFF	TRBJ02-01	TPRVTGGGAM	CMV	0.65	8e-05
TRBV27	CASSLSSGSYRNEQYF	TRBJ02-07	TPRVTGGGAM	CMV	0.65	8e-05
TRBV07-08	CASSLRGQSSYNEQFF	TRBJ02-01	TPRVTGGGAM	CMV	0.64	8e-05
TRBV07-09	CASSLRGLGTYNEQFF	TRBJ02-01	TPRVTGGGAM	CMV	0.64	8e-05
TRBV27	CASRKTGPNEKLFF	TRBJ01-04	RPRGEVRFL	HSV2	0.62	8e-05
TRBV20-01	CSAISRSGDNEQFF	TRBJ02-01	HPKVSSEVHI	HIV	0.54	8e-05
TRBV20-01	CSATDRVSSYEQYF	TRBJ02-07	HPKVSSEVHI	HIV	0.54	8e-05
TRBV20-01	CSASLVGYNEQFF	TRBJ02-01	YVLDHLIVV	EBV	0.54	8e-05
TRBV12-03	CASSFFPDTQYF	TRBJ02-03	TPQDLNTML	HIV	0.52	8e-05
TRBV27	CASSTRATNEKLFF	TRBJ01-04	HTTDPSFLGRY	SARS-CoV-2	0.97	9e-05
TRBV27	CASSLAEVYNEQFF	TRBJ02-01	FPPTSFGPL	SARS-CoV-2	0.9	9e-05
TRBV27	CASSLSSSLFYEQYF	TRBJ02-07	FPPTSFGPL	SARS-CoV-2	0.9	9e-05
TRBV02	CASSEGTSGIYEQYF	TRBJ02-07	FRDYVDRFYKTLRAEQASQE	HIV	0.81	9e-05
TRBV07-02	CASSFGYNEQFF	TRBJ02-01	FVDGVPFVV	SARS-CoV-2	0.75	9e-05
TRBV09	CASSPSTGELFF	TRBJ02-02	ILHCANFNV	SARS-CoV-2	0.72	9e-05
TRBV27	CASSLNTGELFF	TRBJ02-02	ILHCANFNV	SARS-CoV-2	0.72	9e-05
TRBV12-03	CASSSGTGEQYF	TRBJ02-07	ILHCANFNV	SARS-CoV-2	0.72	9e-05
TRBV27	CASSLNTGELFF	TRBJ02-02	KRWIILGLNK	HIV	0.69	9e-05
TRBV09	CASSVAGNEQFF	TRBJ02-01	GLCTLVAML	EBV	0.66	9e-05
TRBV27	CASSLSAYSSSYEQYF	TRBJ02-07	SEVGPEHSLAEY	SARS-CoV-2	0.66	9e-05
TRBV12-03	CASSLGMNTEAFF	TRBJ01-01	ELAGIGILTV	Melanoma	0.66	9e-05
TRBV27	CASSLSGTAYEQYF	TRBJ02-07	ELAGIGILTV	Melanoma	0.66	9e-05
TRBV12-03	CASSATSVEQFF	TRBJ02-01	ELAGIGILTV	Melanoma	0.66	9e-05
TRBV12-03	CASSLYEGRNEQFF	TRBJ02-01	ELAGIGILTV	Melanoma	0.65	9e-05
TRBV12-03	CASSSGQPEAFF	TRBJ01-01	ELAGIGILTV	Melanoma	0.65	9e-05
TRBV12-03	CASSSTGSSETQYF	TRBJ02-05	ELAGIGILTV	Melanoma	0.65	9e-05
TRBV27	CASSGANTGELFF	TRBJ02-02	ELAGIGILTV	Melanoma	0.65	9e-05
TRBV12-03	CASQGGLEETQYF	TRBJ02-05	ELAGIGILTV	Melanoma	0.65	9e-05
TRBV12-03	CASSFGTMPDEQYF	TRBJ02-07	ELAGIGILTV	Melanoma	0.65	9e-05
TRBV12-03	CASSADSGSYEQYF	TRBJ02-07	ELAGIGILTV	Melanoma	0.64	9e-05
TRBV27	CASSLAVGQGHTEAFF	TRBJ01-01	NQKLIANQF	SARS-CoV-2	0.64	9e-05
TRBV25-01	CASSTVYEQYF	TRBJ02-07	ALSKGVHFV	SARS-CoV-2	0.64	9e-05
TRBV25-01	CASSEPTSYEQYF	TRBJ02-07	SEISMDNSPNL	SARS-CoV-2	0.62	9e-05
TRBV12-03	CASSSDLDTQYF	TRBJ02-03	TLIGDCATV	SARS-CoV-2	0.58	9e-05
TRBV12-03	CASSFGGSEKFF	TRBJ02-01	TLIGDCATV	SARS-CoV-2	0.58	9e-05
TRBV12-03	CASSATSVEQFF	TRBJ02-01	TLIGDCATV	SARS-CoV-2	0.58	9e-05
TRBV12-03	CASSFIAHEQFF	TRBJ02-01	TLIGDCATV	SARS-CoV-2	0.58	9e-05
TRBV13	CASSLSTDTQYF	TRBJ02-03	QYDPVAALF	CMV	0.56	9e-05
TRBV20-01	CSATTRGSYNEQFF	TRBJ02-01	HPKVSSEVHI	HIV	0.53	9e-05
TRBV27	CASSYNYEQYF	TRBJ02-07	FLNGSCGSV	SARS-CoV-2	0.85	1e-04
TRBV07-02	CASSDSYEQYF	TRBJ02-07	FLNGSCGSV	SARS-CoV-2	0.85	1e-04
TRBV12-03	CASSTGTGEQYF	TRBJ02-07	GTSGSPIVNR	DENV1	0.79	1e-04
TRBV19	CASSIGGYSNQPQHF	TRBJ01-05	KLPDDFTGCV	SARS-CoV-2	0.75	1e-04
TRBV25-01	CASSLTSYEQYF	TRBJ02-07	FLPRVFSAV	SARS-CoV-2	0.75	1e-04
TRBV05-01	CASSLAAGYEQYF	TRBJ02-07	AMFWSVPTV	Melanoma	0.75	1e-04
TRBV11-03	CASSLVGNTGELFF	TRBJ02-02	FVDGVPFVV	SARS-CoV-2	0.74	1e-04
TRBV27	CASSLGGNEQYF	TRBJ02-07	AMFWSVPTV	Melanoma	0.74	1e-04
TRBV12-03	CASSFSYNEQFF	TRBJ02-01	ILGLPTQTV	SARS-CoV-2	0.73	1e-04
TRBV28	CASSLGQGIQPQHF	TRBJ01-05	FLYNLLTRV	Melanoma	0.71	1e-04
TRBV09	CASSATNTGELFF	TRBJ02-02	KLWAQCVQL	SARS-CoV-2	0.68	1e-04
TRBV12-05	CASGLNTEAFF	TRBJ01-01	SEPVLKGVKL	SARS-CoV-2	0.67	1e-04
TRBV12-03	CASSFRLAGSTDTQYF	TRBJ02-03	NLVPMVATV	CMV	0.67	1e-04
TRBV12-03	CASSTIAGHEQFF	TRBJ02-01	NLVPMVATV	CMV	0.67	1e-04
TRBV12-03	CASSLFSRSTGELFF	TRBJ02-02	NLVPMVATV	CMV	0.67	1e-04
TRBV12-03	CASSTGLGSTEAFF	TRBJ01-01	NLVPMVATV	CMV	0.67	1e-04
TRBV12-03	CASSYLAGNTGELFF	TRBJ02-02	NLVPMVATV	CMV	0.67	1e-04
TRBV24-01	CATSGSTGELFF	TRBJ02-02	KRWIILGLNK	HIV	0.67	1e-04
TRBV12-05	CASGLGTDTQYF	TRBJ02-03	SFHSLHLLF	HTLV1	0.65	1e-04
TRBV07-03	CASSLDGELFF	TRBJ02-02	KAYNVTQAF	SARS-CoV-2	0.65	1e-04
TRBV12-03	CASSLAGVYEQYF	TRBJ02-07	KAYNVTQAF	SARS-CoV-2	0.65	1e-04
TRBV24-01	CATSDGYEQYF	TRBJ02-07	IIKDYGKQM	HIV	0.58	1e-04
TRBV19	CASTGGLSYNEQFF	TRBJ02-01	YVLDHLIVV	EBV	0.52	1e-04
